-- phpMyAdmin SQL Dump
-- version 4.8.3
-- https://www.phpmyadmin.net/
--
-- Host: 127.0.0.1:3306
-- Generation Time: Apr 18, 2019 at 04:02 PM
-- Server version: 5.7.23
-- PHP Version: 7.2.10

SET SQL_MODE = "NO_AUTO_VALUE_ON_ZERO";
SET AUTOCOMMIT = 0;
START TRANSACTION;
SET time_zone = "+00:00";


/*!40101 SET @OLD_CHARACTER_SET_CLIENT=@@CHARACTER_SET_CLIENT */;
/*!40101 SET @OLD_CHARACTER_SET_RESULTS=@@CHARACTER_SET_RESULTS */;
/*!40101 SET @OLD_COLLATION_CONNECTION=@@COLLATION_CONNECTION */;
/*!40101 SET NAMES utf8mb4 */;

--
-- Database: `vistage_demo`
--

-- --------------------------------------------------------

--
-- Table structure for table `activity_log`
--

DROP TABLE IF EXISTS `activity_log`;
CREATE TABLE IF NOT EXISTS `activity_log` (
  `id` int(11) NOT NULL AUTO_INCREMENT,
  `user_id` int(11) NOT NULL,
  `proj_id` int(11) DEFAULT NULL,
  `ticket_id` int(11) DEFAULT NULL,
  `activity_desc` text,
  `entry_time` datetime NOT NULL,
  `ip_address` varchar(20) NOT NULL,
  PRIMARY KEY (`id`)
) ENGINE=InnoDB AUTO_INCREMENT=954 DEFAULT CHARSET=latin1;

--
-- Dumping data for table `activity_log`
--

INSERT INTO `activity_log` (`id`, `user_id`, `proj_id`, `ticket_id`, `activity_desc`, `entry_time`, `ip_address`) VALUES
(298, 1, 1, 0, 'Added shreyas Foujdar In Team', '2019-02-22 18:05:40', '114.143.234.170'),
(299, 1, 1, 50, 'Task Created', '2019-02-22 18:06:39', '114.143.234.170'),
(300, 1, 1, 51, 'Task Created', '2019-02-22 18:07:50', '182.74.198.202'),
(301, 1, 1, 50, 'Task Updated', '2019-02-22 18:07:54', '114.143.234.170'),
(302, 1, 1, 52, 'Task Created', '2019-02-22 18:08:13', '114.143.234.170'),
(303, 1, 1, 52, 'Task Updated', '2019-02-22 18:08:18', '114.143.234.170'),
(304, 1, 1, 53, 'Task Created', '2019-02-22 18:08:21', '114.143.234.170'),
(305, 1, 1, 53, 'Task Updated', '2019-02-22 18:08:25', '114.143.234.170'),
(306, 1, 1, 51, 'Task Updated', '2019-02-22 18:08:37', '182.74.198.202'),
(307, 1, 2, 54, 'Task Created', '2019-02-22 18:09:08', '182.74.198.202'),
(308, 1, 2, 55, 'Task Created', '2019-02-22 18:09:31', '182.74.198.202'),
(309, 1, 1, 50, 'Task Updated', '2019-02-22 18:09:32', '114.143.234.170'),
(310, 1, 1, 50, 'Task Updated', '2019-02-22 18:09:39', '114.143.234.170'),
(311, 1, 2, 56, 'Task Created', '2019-02-22 18:09:50', '182.74.198.202'),
(312, 1, 2, 56, 'Task Updated', '2019-02-22 18:10:22', '182.74.198.202'),
(313, 1, 1, 50, 'Added Comment', '2019-02-22 18:10:36', '114.143.234.170'),
(314, 1, 1, 50, 'Added Attachment', '2019-02-22 18:11:22', '114.143.234.170'),
(315, 1, 1, 50, 'Deleted Attachment', '2019-02-22 18:11:48', '114.143.234.170'),
(316, 1, 1, 50, 'Added Attachment', '2019-02-22 18:11:53', '114.143.234.170'),
(317, 1, 1, 50, 'Task Moved To <b>To Do</b>', '2019-02-22 18:12:12', '114.143.234.170'),
(318, 1, 1, 50, 'Task Moved To <b>To Do</b>', '2019-02-22 18:12:14', '114.143.234.170'),
(319, 1, 1, 50, 'Task Moved To <b>To Do</b>', '2019-02-22 18:12:17', '114.143.234.170'),
(320, 1, 1, 50, 'Task Moved To <b>To Do</b>', '2019-02-22 18:12:18', '114.143.234.170'),
(321, 1, 1, 50, 'Task Moved To <b>To Do</b>', '2019-02-22 18:12:20', '114.143.234.170'),
(322, 1, 1, 50, 'Task Moved To <b>To Do</b>', '2019-02-22 18:12:27', '114.143.234.170'),
(323, 1, 2, 0, 'Added shreyas Foujdar In Team', '2019-02-22 18:15:40', '182.74.198.202'),
(324, 1, 2, 0, 'Added Zalak Mistry In Team', '2019-02-22 18:28:56', '182.74.198.202'),
(325, 1, 2, 0, 'Added Prashant Maskar In Team', '2019-02-22 18:28:56', '182.74.198.202'),
(326, 1, 2, 54, 'Task Updated', '2019-02-22 18:33:54', '182.74.198.202'),
(327, 1, 2, 54, 'Task Updated', '2019-02-22 18:34:22', '182.74.198.202'),
(328, 1, 2, 54, 'Task Updated', '2019-02-22 18:34:32', '182.74.198.202'),
(329, 1, 2, 56, 'Task Updated', '2019-02-22 18:35:41', '182.74.198.202'),
(330, 1, 2, 56, 'Task Updated', '2019-02-22 18:35:52', '182.74.198.202'),
(331, 1, 2, 56, 'Task Updated', '2019-02-22 18:38:33', '182.74.198.202'),
(332, 1, 2, 56, 'Added Comment', '2019-02-22 18:39:18', '182.74.198.202'),
(333, 1, 2, 56, 'Added Attachment', '2019-02-22 18:39:39', '182.74.198.202'),
(334, 1, 2, 56, 'Deleted Attachment', '2019-02-22 18:41:01', '182.74.198.202'),
(335, 1, 2, 56, 'Added Attachment', '2019-02-22 18:41:09', '182.74.198.202'),
(336, 1, 2, 56, 'Added Attachment', '2019-02-22 18:42:00', '182.74.198.202'),
(337, 1, 2, 56, 'Task Updated', '2019-02-22 18:44:37', '182.74.198.202'),
(338, 1, 2, 54, 'Added Comment', '2019-02-22 18:44:57', '182.74.198.202'),
(339, 1, 2, 54, 'Comment Updated', '2019-02-22 18:45:04', '182.74.198.202'),
(340, 1, 2, 54, 'Task Updated', '2019-02-22 18:45:12', '182.74.198.202'),
(341, 1, 2, 54, 'Added Attachment', '2019-02-22 18:46:06', '182.74.198.202'),
(342, 1, 2, 54, 'Deleted Comment', '2019-02-22 18:47:14', '182.74.198.202'),
(343, 1, 2, 54, 'Added Comment', '2019-02-22 18:47:34', '182.74.198.202'),
(344, 1, 2, 54, 'Comment Updated', '2019-02-22 18:47:51', '182.74.198.202'),
(345, 1, 1, 0, 'Added Zalak Mistry In Team', '2019-02-22 18:58:56', '114.143.234.170'),
(346, 1, 2, 55, 'Added Attachment', '2019-02-22 18:59:30', '114.143.234.170'),
(347, 1, 2, 55, 'Deleted Attachment', '2019-02-22 18:59:41', '114.143.234.170'),
(348, 1, 2, 54, 'Added Comment', '2019-02-22 19:00:03', '114.143.234.170'),
(349, 1, 2, 54, 'Comment Updated', '2019-02-22 19:00:15', '114.143.234.170'),
(350, 28, 1, 57, 'Task Created', '2019-02-22 19:32:27', '182.74.198.202'),
(351, 1, 20, 0, 'Project Created', '2019-02-22 20:44:54', '114.143.234.170'),
(352, 1, 20, 0, 'Added Shreyas Foujdar In Team', '2019-02-22 20:47:45', '114.143.234.170'),
(353, 1, 20, 0, 'Added Zalak Mistry In Team', '2019-02-22 20:47:45', '114.143.234.170'),
(354, 1, 20, 58, 'Task Created', '2019-02-22 20:48:23', '114.143.234.170'),
(355, 1, 20, 58, 'Task Updated', '2019-02-22 20:48:37', '114.143.234.170'),
(356, 1, 20, 58, 'Added Comment', '2019-02-22 20:48:47', '114.143.234.170'),
(357, 1, 20, 58, 'Added Attachment', '2019-02-22 20:48:57', '114.143.234.170'),
(358, 1, 20, 58, 'Deleted Attachment', '2019-02-22 20:49:02', '114.143.234.170'),
(359, 1, 20, 58, 'Deleted Comment', '2019-02-22 20:49:06', '114.143.234.170'),
(360, 1, 20, 58, 'Task Updated', '2019-02-22 20:49:12', '114.143.234.170'),
(361, 1, 20, 58, 'Task Moved To <b>To Do</b>', '2019-02-22 20:49:14', '114.143.234.170'),
(362, 1, 20, 58, 'Task Moved To <b>To Do</b>', '2019-02-22 20:49:16', '114.143.234.170'),
(363, 1, 20, 58, 'Task Moved To <b>To Do</b>', '2019-02-22 20:49:18', '114.143.234.170'),
(364, 1, 21, 0, 'Project Created', '2019-02-22 20:50:07', '182.74.198.202'),
(365, 1, 21, 0, 'Deleted Project', '2019-02-22 20:50:41', '182.74.198.202'),
(366, 1, 20, 58, 'Task Updated', '2019-02-22 20:50:47', '114.143.234.170'),
(367, 1, 1, 59, 'Task Created', '2019-02-26 17:55:04', '114.143.234.170'),
(368, 1, 1, 59, 'Task Updated', '2019-02-26 17:57:40', '114.143.234.170'),
(369, 1, 1, 60, 'Task Created', '2019-02-26 17:58:15', '114.143.234.170'),
(370, 1, 1, 60, 'Task Updated', '2019-02-26 17:58:39', '114.143.234.170'),
(371, 1, 1, 60, 'Task Updated', '2019-02-26 17:58:50', '114.143.234.170'),
(372, 1, 1, 50, 'Deleted Comment', '2019-02-26 18:00:17', '114.143.234.170'),
(373, 1, 1, 50, 'Deleted Attachment', '2019-02-26 18:00:21', '114.143.234.170'),
(374, 1, 1, 50, 'Task Updated', '2019-02-26 18:00:54', '114.143.234.170'),
(375, 1, 1, 57, 'Task Updated', '2019-02-26 18:01:58', '114.143.234.170'),
(376, 1, 1, 0, 'Added Prashant Maskar In Team', '2019-02-26 18:02:12', '114.143.234.170'),
(377, 1, 1, 57, 'Added Comment', '2019-02-26 18:02:46', '114.143.234.170'),
(378, 1, 1, 57, 'Task Updated', '2019-02-26 18:02:54', '114.143.234.170'),
(379, 1, 1, 61, 'Task Created', '2019-02-26 18:03:14', '114.143.234.170'),
(380, 1, 1, 61, 'Task Updated', '2019-02-26 18:04:17', '114.143.234.170'),
(381, 1, 1, 62, 'Task Created', '2019-02-26 18:04:48', '114.143.234.170'),
(382, 1, 1, 62, 'Task Updated', '2019-02-26 18:05:29', '114.143.234.170'),
(383, 1, 1, 63, 'Task Created', '2019-02-26 18:05:39', '114.143.234.170'),
(384, 1, 21, 0, 'Project Created', '2019-02-26 18:05:53', '114.143.234.170'),
(385, 1, 1, 63, 'Task Updated', '2019-02-26 18:06:04', '114.143.234.170'),
(386, 1, 1, 64, 'Task Created', '2019-02-26 18:06:24', '114.143.234.170'),
(387, 1, 1, 64, 'Task Updated', '2019-02-26 18:06:48', '114.143.234.170'),
(388, 1, 1, 64, 'Task Updated', '2019-02-26 18:08:51', '114.143.234.170'),
(389, 1, 1, 65, 'Task Created', '2019-02-26 18:08:59', '114.143.234.170'),
(390, 1, 1, 65, 'Task Updated', '2019-02-26 18:09:12', '114.143.234.170'),
(391, 1, 1, 65, 'Task Updated', '2019-02-26 18:09:18', '114.143.234.170'),
(392, 1, 1, 66, 'Task Created', '2019-02-26 18:11:45', '114.143.234.170'),
(393, 1, 2, 67, 'Task Created', '2019-02-26 18:19:11', '114.143.234.170'),
(394, 1, 2, 67, 'Task Updated', '2019-02-26 18:20:11', '114.143.234.170'),
(395, 1, 2, 55, 'Task Updated', '2019-02-26 18:21:42', '114.143.234.170'),
(396, 1, 2, 54, 'Task Updated', '2019-02-26 18:22:42', '114.143.234.170'),
(397, 1, 1, 57, 'Task Moved To <b>To Do</b>', '2019-02-26 18:22:50', '114.143.234.170'),
(398, 1, 1, 59, 'Task Moved To <b>To Do</b>', '2019-02-26 18:22:50', '114.143.234.170'),
(399, 1, 1, 63, 'Task Moved To <b>To Do</b>', '2019-02-26 18:22:52', '114.143.234.170'),
(400, 1, 1, 64, 'Task Moved To <b>To Do</b>', '2019-02-26 18:22:53', '114.143.234.170'),
(401, 1, 1, 50, 'Task Moved To <b>To Do</b>', '2019-02-26 18:22:55', '114.143.234.170'),
(402, 1, 1, 60, 'Task Moved To <b>To Do</b>', '2019-02-26 18:22:56', '114.143.234.170'),
(403, 1, 1, 65, 'Task Moved To <b>To Do</b>', '2019-02-26 18:22:58', '114.143.234.170'),
(404, 1, 1, 66, 'Task Moved To <b>To Do</b>', '2019-02-26 18:23:00', '114.143.234.170'),
(405, 1, 2, 68, 'Task Created', '2019-02-26 18:23:13', '114.143.234.170'),
(406, 1, 2, 68, 'Task Updated', '2019-02-26 18:23:28', '114.143.234.170'),
(407, 1, 2, 69, 'Task Created', '2019-02-26 18:23:43', '114.143.234.170'),
(408, 1, 2, 69, 'Task Updated', '2019-02-26 18:23:57', '114.143.234.170'),
(409, 1, 2, 70, 'Task Created', '2019-02-26 18:24:10', '114.143.234.170'),
(410, 1, 2, 70, 'Task Updated', '2019-02-26 18:24:36', '114.143.234.170'),
(411, 1, 2, 56, 'Task Updated', '2019-02-26 18:24:52', '114.143.234.170'),
(412, 1, 2, 67, 'Task Updated', '2019-02-26 18:25:03', '114.143.234.170'),
(413, 1, 2, 71, 'Task Created', '2019-02-26 18:26:33', '114.143.234.170'),
(414, 1, 2, 71, 'Task Updated', '2019-02-26 18:26:50', '114.143.234.170'),
(415, 1, 2, 72, 'Task Created', '2019-02-26 18:27:02', '114.143.234.170'),
(416, 1, 2, 72, 'Task Updated', '2019-02-26 18:27:24', '114.143.234.170'),
(417, 1, 2, 73, 'Task Created', '2019-02-26 18:27:42', '114.143.234.170'),
(418, 1, 2, 73, 'Task Updated', '2019-02-26 18:27:57', '114.143.234.170'),
(419, 1, 2, 74, 'Task Created', '2019-02-26 18:28:10', '114.143.234.170'),
(420, 1, 2, 74, 'Task Updated', '2019-02-26 18:28:23', '114.143.234.170'),
(421, 1, 20, 75, 'Task Created', '2019-02-26 18:39:39', '114.143.234.170'),
(422, 1, 20, 58, 'Task Updated', '2019-02-26 18:45:47', '114.143.234.170'),
(423, 1, 20, 58, 'Added Comment', '2019-02-26 18:46:04', '114.143.234.170'),
(424, 1, 20, 75, 'Task Updated', '2019-02-26 18:46:30', '114.143.234.170'),
(425, 1, 20, 0, 'Added Prashant Maskar In Team', '2019-02-26 18:46:51', '114.143.234.170'),
(426, 1, 20, 0, 'Added Dhananjay Abhang In Team', '2019-02-26 18:46:51', '114.143.234.170'),
(427, 1, 20, 0, 'Added Ankur Dubey In Team', '2019-02-26 18:46:51', '114.143.234.170'),
(428, 1, 20, 0, 'Added Akhlesh Singotia In Team', '2019-02-26 18:46:51', '114.143.234.170'),
(429, 1, 20, 0, 'Added Tushar Masurkar In Team', '2019-02-26 18:46:51', '114.143.234.170'),
(430, 1, 20, 58, 'Task Updated', '2019-02-26 18:47:04', '114.143.234.170'),
(431, 1, 20, 75, 'Task Updated', '2019-02-26 18:47:10', '114.143.234.170'),
(432, 1, 20, 76, 'Task Created', '2019-02-26 18:47:13', '114.143.234.170'),
(433, 1, 20, 76, 'Task Updated', '2019-02-26 18:47:50', '114.143.234.170'),
(434, 1, 20, 77, 'Task Created', '2019-02-26 18:47:59', '114.143.234.170'),
(435, 1, 20, 77, 'Task Updated', '2019-02-26 18:48:42', '114.143.234.170'),
(436, 1, 20, 78, 'Task Created', '2019-02-26 18:48:53', '114.143.234.170'),
(437, 1, 20, 78, 'Task Updated', '2019-02-26 18:49:19', '114.143.234.170'),
(438, 1, 20, 78, 'Added Comment', '2019-02-26 18:49:29', '114.143.234.170'),
(439, 1, 20, 79, 'Task Created', '2019-02-26 18:49:46', '114.143.234.170'),
(440, 1, 20, 79, 'Task Updated', '2019-02-26 18:50:03', '114.143.234.170'),
(441, 1, 20, 80, 'Task Created', '2019-02-26 18:50:34', '114.143.234.170'),
(442, 1, 20, 80, 'Task Updated', '2019-02-26 18:50:54', '114.143.234.170'),
(443, 1, 20, 80, 'Added Comment', '2019-02-26 18:51:06', '114.143.234.170'),
(444, 1, 20, 80, 'Added Comment', '2019-02-26 18:51:14', '114.143.234.170'),
(445, 1, 20, 81, 'Task Created', '2019-02-26 18:51:59', '114.143.234.170'),
(446, 1, 20, 81, 'Task Updated', '2019-02-26 18:52:15', '114.143.234.170'),
(447, 1, 20, 82, 'Task Created', '2019-02-26 18:53:20', '114.143.234.170'),
(448, 1, 20, 82, 'Task Updated', '2019-02-26 18:53:46', '114.143.234.170'),
(449, 1, 20, 82, 'Task Updated', '2019-02-26 18:53:48', '114.143.234.170'),
(450, 1, 20, 82, 'Task Updated', '2019-02-26 18:53:49', '114.143.234.170'),
(451, 1, 20, 82, 'Task Updated', '2019-02-26 18:53:58', '114.143.234.170'),
(452, 1, 20, 82, 'Task Updated', '2019-02-26 18:54:07', '114.143.234.170'),
(453, 1, 20, 82, 'Task Updated', '2019-02-26 18:54:08', '114.143.234.170'),
(454, 1, 20, 82, 'Task Updated', '2019-02-26 18:54:09', '114.143.234.170'),
(455, 1, 20, 82, 'Task Updated', '2019-02-26 18:54:10', '114.143.234.170'),
(456, 1, 20, 82, 'Task Updated', '2019-02-26 18:54:13', '114.143.234.170'),
(457, 1, 21, 83, 'Task Created', '2019-02-26 18:54:44', '114.143.234.170'),
(458, 1, 21, 84, 'Task Created', '2019-02-26 18:54:46', '114.143.234.170'),
(459, 1, 21, 85, 'Task Created', '2019-02-26 18:54:47', '114.143.234.170'),
(460, 1, 21, 86, 'Task Created', '2019-02-26 18:54:47', '114.143.234.170'),
(461, 1, 21, 87, 'Task Created', '2019-02-26 18:54:47', '114.143.234.170'),
(462, 1, 21, 88, 'Task Created', '2019-02-26 18:54:47', '114.143.234.170'),
(463, 1, 21, 89, 'Task Created', '2019-02-26 18:54:47', '114.143.234.170'),
(464, 1, 21, 90, 'Task Created', '2019-02-26 18:55:20', '114.143.234.170'),
(465, 1, 1, 91, 'Task Created', '2019-02-26 18:55:25', '114.143.234.170'),
(466, 1, 21, 83, 'Task Updated', '2019-02-26 18:56:29', '114.143.234.170'),
(467, 1, 21, 83, 'Task Updated', '2019-02-26 18:56:43', '114.143.234.170'),
(468, 1, 21, 0, 'Added Shreyas Foujdar In Team', '2019-02-26 18:57:04', '114.143.234.170'),
(469, 1, 21, 0, 'Added Zalak Mistry In Team', '2019-02-26 18:57:04', '114.143.234.170'),
(470, 1, 21, 0, 'Added Prashant Maskar In Team', '2019-02-26 18:57:04', '114.143.234.170'),
(471, 1, 21, 0, 'Added Dhananjay Abhang In Team', '2019-02-26 18:57:04', '114.143.234.170'),
(472, 1, 21, 0, 'Added Ankur Dubey In Team', '2019-02-26 18:57:04', '114.143.234.170'),
(473, 1, 21, 0, 'Added Akhlesh Singotia In Team', '2019-02-26 18:57:04', '114.143.234.170'),
(474, 1, 21, 0, 'Added Tushar Masurkar In Team', '2019-02-26 18:57:04', '114.143.234.170'),
(475, 1, 21, 83, 'Task Updated', '2019-02-26 18:57:18', '114.143.234.170'),
(476, 1, 21, 83, 'Task Updated', '2019-02-26 18:57:40', '114.143.234.170'),
(477, 1, 21, 83, 'Task Updated', '2019-02-26 18:57:48', '114.143.234.170'),
(478, 1, 21, 83, 'Task Updated', '2019-02-26 18:57:51', '114.143.234.170'),
(479, 1, 21, 84, 'Task Updated', '2019-02-26 18:58:38', '114.143.234.170'),
(480, 1, 21, 84, 'Task Updated', '2019-02-26 18:58:55', '114.143.234.170'),
(481, 1, 21, 85, 'Task Updated', '2019-02-26 18:59:46', '114.143.234.170'),
(482, 1, 21, 85, 'Task Updated', '2019-02-26 18:59:53', '114.143.234.170'),
(483, 1, 1, 92, 'Task Created', '2019-02-26 18:59:56', '114.143.234.170'),
(484, 1, 21, 86, 'Task Updated', '2019-02-26 19:00:31', '114.143.234.170'),
(485, 1, 21, 87, 'Task Updated', '2019-02-26 19:01:03', '114.143.234.170'),
(486, 1, 21, 87, 'Task Updated', '2019-02-26 19:01:04', '114.143.234.170'),
(487, 1, 21, 88, 'Task Updated', '2019-02-26 19:01:57', '114.143.234.170'),
(488, 1, 21, 89, 'Task Updated', '2019-02-26 19:02:46', '114.143.234.170'),
(489, 1, 21, 90, 'Task Updated', '2019-02-26 19:03:20', '114.143.234.170'),
(490, 1, 21, 88, 'Task Updated', '2019-02-26 19:03:28', '114.143.234.170'),
(491, 1, 21, 89, 'Task Updated', '2019-02-26 19:03:34', '114.143.234.170'),
(492, 1, 21, 90, 'Task Updated', '2019-02-26 19:03:39', '114.143.234.170'),
(493, 1, 20, 58, 'Task Updated', '2019-02-26 21:38:54', '114.143.234.170'),
(494, 1, 20, 58, 'Task Updated', '2019-02-26 21:46:18', '114.143.234.170'),
(495, 1, 20, 58, 'Task Updated', '2019-02-26 21:46:26', '114.143.234.170'),
(496, 1, 20, 58, 'Task Updated', '2019-02-26 21:46:47', '114.143.234.170'),
(497, 1, 20, 75, 'Task Updated', '2019-02-26 21:47:13', '114.143.234.170'),
(498, 1, 1, 91, 'Task Updated', '2019-02-26 21:48:27', '114.143.234.170'),
(499, 1, 1, 93, 'Task Created', '2019-02-26 21:59:25', '114.143.234.170'),
(500, 1, 1, 94, 'Task Created', '2019-02-26 21:59:39', '73.110.42.98'),
(501, 1, 1, 93, 'Task Updated', '2019-02-26 21:59:42', '114.143.234.170'),
(502, 1, 1, 91, 'Task Updated', '2019-02-26 22:23:39', '114.143.234.170'),
(503, 1, 1, 91, 'Task Updated', '2019-02-26 22:23:49', '114.143.234.170'),
(504, 1, 22, 0, 'Project Created', '2019-02-27 14:48:20', '114.143.234.170'),
(505, 1, 23, 0, 'Project Created', '2019-02-27 14:48:46', '114.143.234.170'),
(506, 1, 22, 95, 'Task Created', '2019-02-27 15:29:04', '114.143.234.170'),
(507, 1, 22, 95, 'Added Attachment', '2019-02-27 15:38:32', '114.143.234.170'),
(508, 1, 22, 95, 'Task Updated', '2019-02-27 15:38:46', '114.143.234.170'),
(509, 1, 23, 96, 'Task Created', '2019-02-27 16:05:51', '114.143.234.170'),
(510, 1, 23, 96, 'Task Updated', '2019-02-27 16:57:13', '114.143.234.170'),
(511, 1, 23, 0, 'Added Ajay Chouhan In Team', '2019-02-27 17:00:14', '114.143.234.170'),
(512, 1, 23, 96, 'Task Updated', '2019-02-27 17:00:28', '114.143.234.170'),
(513, 1, 22, 0, 'Added Ajay Chouhan In Team', '2019-02-27 17:00:59', '114.143.234.170'),
(514, 1, 22, 95, 'Task Updated', '2019-02-27 17:01:08', '114.143.234.170'),
(515, 1, 22, 97, 'Task Created', '2019-02-27 21:14:32', '114.143.234.170'),
(516, 1, 22, 0, 'Project Updated', '2019-02-27 21:48:56', '114.143.234.170'),
(517, 1, 22, 0, 'Project Updated', '2019-02-27 21:49:30', '114.143.234.170'),
(518, 1, 22, 97, 'Task Updated', '2019-02-27 22:28:11', '114.143.234.170'),
(519, 1, 1, 98, 'Task Created', '2019-02-28 15:17:02', '182.74.198.202'),
(520, 1, 1, 99, 'Task Created', '2019-02-28 15:21:59', '182.74.198.202'),
(521, 1, 1, 100, 'Task Created', '2019-02-28 15:24:02', '182.74.198.202'),
(522, 1, 1, 101, 'Task Created', '2019-02-28 15:24:29', '182.74.198.202'),
(523, 1, 1, 101, 'Added Attachment', '2019-02-28 15:33:18', '182.74.198.202'),
(524, 1, 1, 101, 'Deleted Attachment', '2019-02-28 15:33:30', '182.74.198.202'),
(525, 1, 1, 101, 'Deleted Attachment', '2019-02-28 15:33:30', '182.74.198.202'),
(526, 1, 1, 101, 'Deleted Attachment', '2019-02-28 15:33:30', '182.74.198.202'),
(527, 1, 1, 101, 'Deleted Attachment', '2019-02-28 15:33:31', '182.74.198.202'),
(528, 1, 1, 101, 'Added Attachment', '2019-02-28 15:33:42', '182.74.198.202'),
(529, 1, 1, 101, 'Added Attachment', '2019-02-28 15:35:16', '182.74.198.202'),
(530, 1, 1, 101, 'Deleted Attachment', '2019-02-28 15:35:30', '182.74.198.202'),
(531, 1, 1, 101, 'Deleted Attachment', '2019-02-28 15:35:46', '182.74.198.202'),
(532, 1, 1, 101, 'Added Attachment', '2019-02-28 15:35:52', '182.74.198.202'),
(533, 1, 1, 101, 'Added Comment', '2019-02-28 15:36:08', '182.74.198.202'),
(534, 1, 1, 101, 'Task Updated', '2019-02-28 15:36:24', '182.74.198.202'),
(535, 1, 1, 101, 'Task Updated', '2019-02-28 15:36:48', '182.74.198.202'),
(536, 1, 1, 102, 'Task Created', '2019-02-28 15:37:12', '182.74.198.202'),
(537, 1, 1, 102, 'Task Updated', '2019-02-28 15:37:26', '182.74.198.202'),
(538, 1, 1, 103, 'Task Created', '2019-02-28 15:37:39', '182.74.198.202'),
(539, 1, 1, 104, 'Task Created', '2019-02-28 15:38:19', '182.74.198.202'),
(540, 1, 1, 105, 'Task Created', '2019-02-28 15:38:39', '182.74.198.202'),
(541, 1, 1, 105, 'Task Updated', '2019-02-28 15:40:18', '182.74.198.202'),
(542, 1, 1, 101, 'Task Updated', '2019-02-28 15:40:48', '182.74.198.202'),
(543, 1, 1, 105, 'Task Updated', '2019-02-28 15:41:00', '182.74.198.202'),
(544, 1, 1, 105, 'Task Updated', '2019-02-28 15:41:17', '182.74.198.202'),
(545, 1, 1, 105, 'Added Comment', '2019-02-28 15:41:35', '182.74.198.202'),
(546, 1, 1, 105, 'Deleted Comment', '2019-02-28 15:41:46', '182.74.198.202'),
(547, 1, 1, 105, 'Deleted Comment', '2019-02-28 15:41:47', '182.74.198.202'),
(548, 1, 1, 105, 'Added Comment', '2019-02-28 15:41:51', '182.74.198.202'),
(549, 1, 1, 105, 'Deleted Comment', '2019-02-28 15:43:20', '182.74.198.202'),
(550, 1, 1, 105, 'Added Comment', '2019-02-28 15:44:13', '182.74.198.202'),
(551, 1, 1, 104, 'Task Updated', '2019-02-28 15:49:15', '182.74.198.202'),
(552, 1, 1, 103, 'Task Updated', '2019-02-28 15:49:25', '182.74.198.202'),
(553, 1, 1, 101, 'Task Updated', '2019-02-28 15:49:37', '182.74.198.202'),
(554, 1, 1, 104, 'Task Updated', '2019-02-28 15:49:46', '182.74.198.202'),
(555, 1, 1, 63, 'Task Updated', '2019-02-28 15:50:33', '182.74.198.202'),
(556, 1, 1, 63, 'Task Updated', '2019-02-28 15:51:36', '182.74.198.202'),
(557, 1, 23, 0, 'Added Shreyas Foujdar In Team', '2019-02-28 15:58:15', '182.74.198.202'),
(558, 1, 23, 0, 'Added Zalak Mistry In Team', '2019-02-28 15:58:15', '182.74.198.202'),
(559, 1, 23, 0, 'Added Prashant Maskar In Team', '2019-02-28 15:58:15', '182.74.198.202'),
(560, 1, 23, 0, 'Added Dhananjay Abhang In Team', '2019-02-28 15:58:15', '182.74.198.202'),
(561, 1, 23, 0, 'Added Ankur Dubey In Team', '2019-02-28 15:58:15', '182.74.198.202'),
(562, 1, 23, 0, 'Added Akhlesh Singotia In Team', '2019-02-28 15:58:15', '182.74.198.202'),
(563, 1, 23, 0, 'Added Tushar Masurkar In Team', '2019-02-28 15:58:28', '182.74.198.202'),
(564, 1, 23, 0, 'Removed Zalak Mistry From Team', '2019-02-28 16:00:40', '182.74.198.202'),
(565, 1, 23, 0, 'Removed Rajesh Rajan From Team', '2019-02-28 16:00:49', '182.74.198.202'),
(566, 1, 23, 0, 'Removed Ajay Chouhan From Team', '2019-02-28 16:00:53', '182.74.198.202'),
(567, 1, 23, 0, 'Removed Ajay Chouhan From Team', '2019-02-28 16:00:55', '182.74.198.202'),
(568, 1, 23, 0, 'Removed Tushar Masurkar From Team', '2019-02-28 16:00:59', '182.74.198.202'),
(569, 1, 23, 0, 'Removed Akhlesh Singotia From Team', '2019-02-28 16:01:03', '182.74.198.202'),
(570, 1, 23, 0, 'Removed Akhlesh Singotia From Team', '2019-02-28 16:01:05', '182.74.198.202'),
(571, 1, 23, 0, 'Added Rajesh Rajan In Team', '2019-02-28 16:01:16', '182.74.198.202'),
(572, 1, 23, 0, 'Added Zalak Mistry In Team', '2019-02-28 16:01:16', '182.74.198.202'),
(573, 1, 23, 0, 'Added Akhlesh Singotia In Team', '2019-02-28 16:01:16', '182.74.198.202'),
(574, 1, 23, 0, 'Added Tushar Masurkar In Team', '2019-02-28 16:01:16', '182.74.198.202'),
(575, 1, 23, 0, 'Added Ajay Chouhan In Team', '2019-02-28 16:01:16', '182.74.198.202'),
(576, 1, 23, 0, 'Removed Rajesh Rajan From Team', '2019-02-28 16:01:34', '182.74.198.202'),
(577, 1, 23, 0, 'Added Rajesh Rajan In Team', '2019-02-28 16:01:41', '182.74.198.202'),
(578, 1, 23, 0, 'Removed Prashant Maskar From Team', '2019-02-28 16:01:48', '182.74.198.202'),
(579, 1, 23, 0, 'Removed Zalak Mistry From Team', '2019-02-28 16:02:10', '182.74.198.202'),
(580, 1, 23, 0, 'Added Zalak Mistry In Team', '2019-02-28 16:02:21', '182.74.198.202'),
(581, 1, 23, 0, 'Added Prashant Maskar In Team', '2019-02-28 16:02:21', '182.74.198.202'),
(582, 1, 23, 0, 'Removed Rajesh Rajan From Team', '2019-02-28 16:03:16', '182.74.198.202'),
(583, 1, 23, 0, 'Added Rajesh Rajan In Team', '2019-02-28 16:03:32', '182.74.198.202'),
(584, 1, 23, 0, 'Project Updated', '2019-02-28 16:06:00', '182.74.198.202'),
(585, 1, 23, 0, 'Deleted Project', '2019-02-28 16:06:00', '182.74.198.202'),
(586, 1, 24, 0, 'Project Created', '2019-02-28 16:07:50', '182.74.198.202'),
(587, 1, 24, 0, 'Project Updated', '2019-02-28 16:13:32', '182.74.198.202'),
(588, 1, 24, 0, 'Deleted Project', '2019-02-28 16:13:32', '182.74.198.202'),
(589, 1, 20, 106, 'Task Created', '2019-02-28 16:13:56', '182.74.198.202'),
(590, 1, 20, 107, 'Task Created', '2019-02-28 16:14:01', '182.74.198.202'),
(591, 1, 20, 108, 'Task Created', '2019-02-28 16:14:52', '182.74.198.202'),
(592, 1, 1, 109, 'Task Created', '2019-02-28 18:14:22', '182.74.198.202'),
(593, 1, 1, 110, 'Task Created', '2019-02-28 18:14:38', '182.74.198.202'),
(594, 1, 1, 91, 'Task Moved To <b>To Do</b>', '2019-02-28 18:15:12', '182.74.198.202'),
(595, 1, 1, 92, 'Task Moved To <b>To Do</b>', '2019-02-28 18:15:16', '182.74.198.202'),
(596, 1, 1, 93, 'Task Moved To <b>To Do</b>', '2019-02-28 18:15:21', '182.74.198.202'),
(597, 1, 1, 93, 'Task Moved To <b>To Do</b>', '2019-02-28 18:15:29', '182.74.198.202'),
(598, 1, 21, 111, 'Task Created', '2019-02-28 18:45:52', '182.74.198.202'),
(599, 1, 21, 111, 'Task Moved To <b>To Do</b>', '2019-02-28 18:46:04', '182.74.198.202'),
(600, 1, 21, 111, 'Task Updated', '2019-02-28 18:46:13', '182.74.198.202'),
(601, 1, 21, 83, 'Task Moved To <b>To Do</b>', '2019-02-28 18:57:08', '182.74.198.202'),
(602, 1, 21, 83, 'Task Moved To <b>To Do</b>', '2019-02-28 18:57:11', '182.74.198.202'),
(603, 1, 21, 83, 'Task Moved To <b>To Do</b>', '2019-02-28 18:57:13', '182.74.198.202'),
(604, 1, 21, 83, 'Task Moved To <b>To Do</b>', '2019-02-28 18:57:14', '182.74.198.202'),
(605, 1, 21, 83, 'Task Moved To <b>To Do</b>', '2019-02-28 18:57:20', '182.74.198.202'),
(606, 1, 21, 85, 'Task Moved To <b>To Do</b>', '2019-02-28 18:57:25', '182.74.198.202'),
(607, 1, 21, 86, 'Task Moved To <b>To Do</b>', '2019-02-28 18:57:28', '182.74.198.202'),
(608, 1, 21, 85, 'Task Moved To <b>To Do</b>', '2019-02-28 18:57:30', '182.74.198.202'),
(609, 1, 21, 83, 'Task Moved To <b>To Do</b>', '2019-02-28 18:57:32', '182.74.198.202'),
(610, 1, 21, 89, 'Task Moved To <b>To Do</b>', '2019-02-28 18:57:38', '182.74.198.202'),
(611, 1, 25, 0, 'Project Created', '2019-02-28 21:18:44', '114.143.234.170'),
(612, 1, 26, 0, 'Project Created', '2019-02-28 21:19:03', '114.143.234.170'),
(613, 1, 27, 0, 'Project Created', '2019-02-28 21:20:40', '114.143.234.170'),
(614, 1, 26, 112, 'Task Created', '2019-02-28 21:20:52', '114.143.234.170'),
(615, 1, 26, 112, 'Task Updated', '2019-02-28 21:21:57', '114.143.234.170'),
(616, 1, 27, 113, 'Task Created', '2019-02-28 21:22:28', '114.143.234.170'),
(617, 1, 26, 0, 'Added Ajay Chouhan In Team', '2019-02-28 21:24:56', '114.143.234.170'),
(618, 1, 26, 0, 'Added Mithilesh  Kumar In Team', '2019-02-28 21:24:56', '114.143.234.170'),
(619, 1, 26, 0, 'Added Gourisankar Srungarakavi In Team', '2019-02-28 21:24:56', '114.143.234.170'),
(620, 1, 26, 0, 'Added Chetan Sonawane In Team', '2019-02-28 21:24:56', '114.143.234.170'),
(621, 1, 27, 0, 'Added Ajay Chouhan In Team', '2019-02-28 21:25:15', '114.143.234.170'),
(622, 1, 27, 0, 'Added Mithilesh  Kumar In Team', '2019-02-28 21:25:15', '114.143.234.170'),
(623, 1, 27, 0, 'Added Gourisankar Srungarakavi In Team', '2019-02-28 21:25:15', '114.143.234.170'),
(624, 1, 27, 0, 'Added Chetan Sonawane In Team', '2019-02-28 21:25:15', '114.143.234.170'),
(625, 1, 25, 0, 'Added Ajay Chouhan In Team', '2019-02-28 21:25:28', '114.143.234.170'),
(626, 1, 25, 0, 'Added Mithilesh  Kumar In Team', '2019-02-28 21:25:28', '114.143.234.170'),
(627, 1, 25, 0, 'Added Gourisankar Srungarakavi In Team', '2019-02-28 21:25:28', '114.143.234.170'),
(628, 1, 25, 0, 'Added Chetan Sonawane In Team', '2019-02-28 21:25:28', '114.143.234.170'),
(629, 1, 27, 113, 'Task Moved To <b>To Do</b>', '2019-02-28 21:26:07', '114.143.234.170'),
(630, 1, 27, 113, 'Task Moved To <b>To Do</b>', '2019-02-28 21:26:09', '114.143.234.170'),
(631, 36, 26, 112, 'Task Updated', '2019-02-28 21:51:45', '182.74.198.202'),
(632, 36, 26, 112, 'Task Moved To <b>To Do</b>', '2019-02-28 21:51:53', '182.74.198.202'),
(633, 36, 26, 112, 'Task Moved To <b>To Do</b>', '2019-02-28 21:51:56', '182.74.198.202'),
(634, 36, 26, 112, 'Task Moved To <b>To Do</b>', '2019-02-28 21:52:00', '182.74.198.202'),
(635, 36, 26, 112, 'Task Moved To <b>To Do</b>', '2019-02-28 21:52:06', '182.74.198.202'),
(636, 36, 26, 112, 'Task Updated', '2019-02-28 21:53:03', '182.74.198.202'),
(637, 36, 26, 112, 'Task Moved To <b>To Do</b>', '2019-02-28 21:53:10', '182.74.198.202'),
(638, 36, 26, 112, 'Task Moved To <b>To Do</b>', '2019-02-28 21:53:27', '182.74.198.202'),
(639, 36, 26, 112, 'Task Moved To <b>To Do</b>', '2019-02-28 21:53:37', '182.74.198.202'),
(640, 36, 26, 112, 'Task Moved To <b>To Do</b>', '2019-02-28 21:53:45', '182.74.198.202'),
(641, 36, 26, 112, 'Task Updated', '2019-02-28 21:53:56', '182.74.198.202'),
(642, 36, 26, 114, 'Task Created', '2019-02-28 21:58:53', '182.74.198.202'),
(643, 36, 26, 114, 'Task Updated', '2019-02-28 22:01:54', '182.74.198.202'),
(644, 36, 26, 114, 'Task Moved To <b>To Do</b>', '2019-02-28 22:02:02', '182.74.198.202'),
(645, 36, 26, 112, 'Task Updated', '2019-02-28 22:02:42', '182.74.198.202'),
(646, 36, 26, 112, 'Task Moved To <b>To Do</b>', '2019-02-28 22:02:47', '182.74.198.202'),
(647, 36, 26, 115, 'Task Created', '2019-02-28 22:02:59', '182.74.198.202'),
(648, 36, 26, 115, 'Task Updated', '2019-02-28 22:06:07', '182.74.198.202'),
(649, 36, 26, 114, 'Task Moved To <b>To Do</b>', '2019-02-28 22:06:23', '182.74.198.202'),
(650, 36, 26, 114, 'Task Updated', '2019-02-28 22:07:05', '182.74.198.202'),
(651, 36, 26, 116, 'Task Created', '2019-02-28 22:07:09', '182.74.198.202'),
(652, 36, 26, 116, 'Task Updated', '2019-02-28 22:08:58', '182.74.198.202'),
(653, 36, 26, 116, 'Task Updated', '2019-02-28 22:09:34', '182.74.198.202'),
(654, 1, 25, 117, 'Task Created', '2019-02-28 22:12:11', '114.143.234.170'),
(655, 1, 25, 118, 'Task Created', '2019-02-28 22:12:14', '114.143.234.170'),
(656, 1, 25, 119, 'Task Created', '2019-02-28 22:12:19', '114.143.234.170'),
(657, 1, 25, 120, 'Task Created', '2019-02-28 22:12:37', '114.143.234.170'),
(658, 1, 25, 121, 'Task Created', '2019-02-28 22:12:41', '114.143.234.170'),
(659, 1, 25, 122, 'Task Created', '2019-02-28 22:12:45', '114.143.234.170'),
(660, 1, 25, 122, 'Task Updated', '2019-02-28 22:13:16', '114.143.234.170'),
(661, 1, 25, 123, 'Task Created', '2019-02-28 22:13:21', '114.143.234.170'),
(662, 1, 25, 123, 'Task Moved To <b>To Do</b>', '2019-02-28 22:13:37', '114.143.234.170'),
(663, 1, 25, 124, 'Task Created', '2019-02-28 22:13:41', '114.143.234.170'),
(664, 1, 25, 124, 'Task Updated', '2019-02-28 22:13:48', '114.143.234.170'),
(665, 1, 25, 125, 'Task Created', '2019-02-28 22:13:53', '114.143.234.170'),
(666, 1, 25, 125, 'Task Updated', '2019-02-28 22:14:07', '114.143.234.170'),
(667, 1, 25, 126, 'Task Created', '2019-02-28 22:14:30', '114.143.234.170'),
(668, 1, 28, 0, 'Project Created', '2019-02-28 22:47:15', '114.143.234.170'),
(669, 1, 28, 127, 'Task Created', '2019-02-28 22:48:00', '114.143.234.170'),
(670, 1, 28, 127, 'Task Updated', '2019-02-28 22:49:23', '114.143.234.170'),
(671, 1, 25, 0, 'Added DRF_Follett User In Team', '2019-02-28 23:02:25', '114.143.234.170'),
(672, 1, 26, 0, 'Added DRF_Follett User In Team', '2019-02-28 23:02:41', '114.143.234.170'),
(673, 1, 27, 0, 'Added DRF_Follett User In Team', '2019-02-28 23:02:53', '114.143.234.170'),
(674, 1, 1, 0, 'Added DRF_Rise User In Team', '2019-02-28 23:03:05', '114.143.234.170'),
(675, 1, 2, 0, 'Added DRF_Rise User In Team', '2019-02-28 23:03:19', '114.143.234.170'),
(676, 1, 20, 0, 'Added DRF_Rise User In Team', '2019-02-28 23:03:39', '114.143.234.170'),
(677, 1, 21, 0, 'Added DRF_Rise User In Team', '2019-02-28 23:03:54', '114.143.234.170'),
(678, 1, 22, 0, 'Added DRF_Red Apple User In Team', '2019-02-28 23:04:07', '114.143.234.170'),
(679, 1, 28, 0, 'Added DRF_Red Apple User In Team', '2019-02-28 23:04:24', '114.143.234.170'),
(680, 37, 27, 128, 'Task Created', '2019-03-01 00:41:01', '182.74.198.202'),
(681, 37, 27, 128, 'Task Updated', '2019-03-01 00:43:53', '182.74.198.202'),
(682, 37, 27, 128, 'Task Updated', '2019-03-01 00:44:02', '182.74.198.202'),
(683, 37, 27, 128, 'Task Updated', '2019-03-01 00:44:18', '182.74.198.202'),
(684, 38, 25, 129, 'Task Created', '2019-03-01 14:31:06', '182.74.198.202'),
(685, 38, 25, 129, 'Task Updated', '2019-03-01 14:31:31', '182.74.198.202'),
(686, 38, 25, 129, 'Task Updated', '2019-03-01 14:31:51', '182.74.198.202'),
(687, 38, 25, 129, 'Task Updated', '2019-03-01 14:32:06', '182.74.198.202'),
(688, 36, 27, 128, 'Task Moved To <b>To Do</b>', '2019-03-01 14:34:08', '182.74.198.202'),
(689, 36, 27, 0, 'Project Updated', '2019-03-01 14:45:55', '182.74.198.202'),
(690, 36, 27, 0, 'Project Updated', '2019-03-01 14:47:10', '182.74.198.202'),
(691, 36, 26, 0, 'Project Updated', '2019-03-01 14:48:54', '182.74.198.202'),
(692, 36, 27, 128, 'Task Updated', '2019-03-01 14:53:34', '182.74.198.202'),
(693, 36, 27, 128, 'Task Moved To <b>To Do</b>', '2019-03-01 14:53:38', '182.74.198.202'),
(694, 37, 27, 130, 'Task Created', '2019-03-01 14:55:55', '182.74.198.202'),
(695, 36, 27, 113, 'Task Updated', '2019-03-01 14:56:28', '182.74.198.202'),
(696, 36, 27, 113, 'Task Updated', '2019-03-01 14:56:59', '182.74.198.202'),
(697, 36, 27, 113, 'Task Moved To <b>To Do</b>', '2019-03-01 14:57:02', '182.74.198.202'),
(698, 37, 27, 130, 'Task Updated', '2019-03-01 14:57:23', '182.74.198.202'),
(699, 37, 27, 131, 'Task Created', '2019-03-01 14:57:27', '182.74.198.202'),
(700, 36, 27, 130, 'Task Updated', '2019-03-01 15:00:27', '182.74.198.202'),
(701, 37, 27, 131, 'Task Updated', '2019-03-01 15:00:32', '182.74.198.202'),
(702, 37, 27, 132, 'Task Created', '2019-03-01 15:01:50', '182.74.198.202'),
(703, 37, 27, 132, 'Task Updated', '2019-03-01 15:03:05', '182.74.198.202'),
(704, 36, 27, 133, 'Task Created', '2019-03-01 15:04:26', '182.74.198.202'),
(705, 37, 27, 132, 'Task Moved To <b>To Do</b>', '2019-03-01 15:04:53', '182.74.198.202'),
(706, 37, 27, 132, 'Task Moved To <b>To Do</b>', '2019-03-01 15:04:55', '182.74.198.202'),
(707, 37, 27, 132, 'Task Updated', '2019-03-01 15:05:46', '182.74.198.202'),
(708, 37, 27, 131, 'Task Updated', '2019-03-01 15:06:26', '182.74.198.202'),
(709, 36, 27, 133, 'Task Updated', '2019-03-01 15:06:40', '182.74.198.202'),
(710, 36, 27, 133, 'Task Updated', '2019-03-01 15:07:07', '182.74.198.202'),
(711, 36, 27, 132, 'Task Moved To <b>To Do</b>', '2019-03-01 15:07:15', '182.74.198.202'),
(712, 36, 27, 132, 'Task Updated', '2019-03-01 15:07:54', '182.74.198.202'),
(713, 38, 27, 131, 'Task Moved To <b>To Do</b>', '2019-03-01 15:08:18', '182.74.198.202'),
(714, 1, 27, 133, 'Task Moved To <b>To Do</b>', '2019-03-01 15:08:42', '114.143.234.170'),
(715, 1, 27, 131, 'Task Moved To <b>To Do</b>', '2019-03-01 15:09:21', '114.143.234.170'),
(716, 37, 27, 134, 'Task Created', '2019-03-01 15:11:52', '182.74.198.202'),
(717, 37, 27, 134, 'Added Attachment', '2019-03-01 15:16:41', '182.74.198.202'),
(718, 36, 25, 0, 'Project Updated', '2019-03-01 15:19:08', '182.74.198.202'),
(719, 37, 27, 134, 'Added Comment', '2019-03-01 15:21:05', '182.74.198.202'),
(720, 36, 29, 0, 'Project Created', '2019-03-01 15:24:04', '182.74.198.202'),
(721, 37, 27, 134, 'Task Updated', '2019-03-01 15:25:05', '182.74.198.202'),
(722, 36, 25, 0, 'Project Updated', '2019-03-01 15:25:45', '182.74.198.202'),
(723, 36, 25, 0, 'Deleted Project', '2019-03-01 15:25:45', '182.74.198.202'),
(724, 36, 29, 0, 'Project Updated', '2019-03-01 15:25:54', '182.74.198.202'),
(725, 36, 29, 0, 'Deleted Project', '2019-03-01 15:25:54', '182.74.198.202'),
(726, 36, 30, 0, 'Project Created', '2019-03-01 15:26:51', '182.74.198.202'),
(727, 37, 27, 131, 'Task Moved To <b>To Do</b>', '2019-03-01 15:27:47', '182.74.198.202'),
(728, 36, 30, 135, 'Task Created', '2019-03-01 15:28:04', '182.74.198.202'),
(729, 37, 27, 133, 'Task Updated', '2019-03-01 15:28:28', '182.74.198.202'),
(730, 37, 27, 136, 'Task Created', '2019-03-01 15:30:57', '182.74.198.202'),
(731, 36, 30, 135, 'Task Updated', '2019-03-01 15:32:34', '182.74.198.202'),
(732, 36, 30, 0, 'Added Chetan Sonawane In Team', '2019-03-01 15:32:51', '182.74.198.202'),
(733, 36, 30, 135, 'Task Updated', '2019-03-01 15:33:10', '182.74.198.202'),
(734, 36, 30, 137, 'Task Created', '2019-03-01 15:33:18', '182.74.198.202'),
(735, 37, 27, 136, 'Task Updated', '2019-03-01 15:36:20', '182.74.198.202'),
(736, 37, 27, 136, 'Task Updated', '2019-03-01 15:36:41', '182.74.198.202'),
(737, 36, 30, 137, 'Task Updated', '2019-03-01 15:38:44', '182.74.198.202'),
(738, 36, 30, 138, 'Task Created', '2019-03-01 15:45:14', '182.74.198.202'),
(739, 36, 30, 138, 'Task Updated', '2019-03-01 15:47:54', '182.74.198.202'),
(740, 36, 30, 139, 'Task Created', '2019-03-01 15:48:01', '182.74.198.202'),
(741, 36, 30, 138, 'Task Updated', '2019-03-01 15:49:47', '182.74.198.202'),
(742, 36, 30, 139, 'Task Updated', '2019-03-01 15:54:01', '182.74.198.202'),
(743, 36, 30, 140, 'Task Created', '2019-03-01 15:54:16', '182.74.198.202'),
(744, 36, 30, 140, 'Task Updated', '2019-03-01 15:58:21', '182.74.198.202'),
(745, 36, 26, 114, 'Task Moved To <b>To Do</b>', '2019-03-01 16:00:33', '182.74.198.202'),
(746, 36, 31, 0, 'Project Created', '2019-03-01 16:15:52', '182.74.198.202'),
(747, 36, 31, 0, 'Project Updated', '2019-03-01 16:16:13', '182.74.198.202'),
(748, 36, 32, 0, 'Project Created', '2019-03-01 16:17:25', '182.74.198.202'),
(749, 36, 33, 0, 'Project Created', '2019-03-01 16:18:39', '182.74.198.202'),
(750, 36, 30, 0, 'Added Ajay Chouhan In Team', '2019-03-01 17:07:28', '182.74.198.202'),
(751, 36, 30, 0, 'Added Rajesh Rajan In Team', '2019-03-01 17:08:09', '182.74.198.202'),
(752, 36, 31, 0, 'Project Updated', '2019-03-01 17:08:30', '182.74.198.202'),
(753, 36, 31, 0, 'Deleted Project', '2019-03-01 17:08:30', '182.74.198.202'),
(754, 36, 33, 0, 'Project Updated', '2019-03-01 17:08:40', '182.74.198.202'),
(755, 36, 33, 0, 'Deleted Project', '2019-03-01 17:08:40', '182.74.198.202'),
(756, 36, 32, 0, 'Project Updated', '2019-03-01 17:09:16', '182.74.198.202'),
(757, 36, 32, 0, 'Added Rajesh Rajan In Team', '2019-03-01 17:09:52', '182.74.198.202'),
(758, 36, 32, 0, 'Added Ajay Chouhan In Team', '2019-03-01 17:09:52', '182.74.198.202'),
(759, 36, 32, 0, 'Added Chetan Sonawane In Team', '2019-03-01 17:09:52', '182.74.198.202'),
(760, 36, 32, 0, 'Project Updated', '2019-03-01 17:10:11', '182.74.198.202'),
(761, 36, 30, 0, 'Added DRF_Follett User In Team', '2019-03-01 17:11:42', '182.74.198.202'),
(762, 36, 32, 0, 'Added DRF_Follett User In Team', '2019-03-01 17:12:09', '182.74.198.202'),
(763, 36, 30, 0, 'Added Gourisankar Srungarakavi In Team', '2019-03-01 17:12:42', '182.74.198.202'),
(764, 36, 32, 0, 'Added Gourisankar Srungarakavi In Team', '2019-03-01 17:12:54', '182.74.198.202'),
(765, 1, 26, 141, 'Task Created', '2019-03-01 21:32:38', '114.143.234.170'),
(766, 1, 26, 141, 'Task Moved To <b>To Do</b>', '2019-03-01 21:32:43', '114.143.234.170'),
(767, 38, 30, 140, 'Task Moved To <b>To Do</b>', '2019-03-01 21:49:34', '182.74.198.202'),
(768, 38, 30, 140, 'Task Moved To <b>To Do</b>', '2019-03-01 21:49:37', '182.74.198.202'),
(769, 38, 30, 142, 'Task Created', '2019-03-01 21:49:42', '182.74.198.202'),
(770, 39, 26, 115, 'Task Moved To <b>To Do</b>', '2019-03-01 21:57:09', '114.143.234.170'),
(771, 1, 33, 0, 'Project Created', '2019-03-06 19:47:53', '114.143.234.170'),
(772, 1, 33, 0, 'Project Updated', '2019-03-06 19:48:03', '114.143.234.170'),
(773, 1, 33, 0, 'Deleted Project', '2019-03-06 19:48:03', '114.143.234.170'),
(774, 1, 34, 0, 'Project Created', '2019-03-06 20:08:05', '114.143.234.170'),
(775, 1, 34, 0, 'Deleted Project', '2019-03-06 20:08:11', '114.143.234.170'),
(776, 1, 35, 0, 'Project Created', '2019-03-06 20:08:25', '114.143.234.170'),
(777, 1, 35, 0, 'Deleted Project', '2019-03-06 20:08:31', '114.143.234.170'),
(778, 1, 26, 0, 'Project Updated', '2019-03-06 20:13:57', '114.143.234.170'),
(779, 1, 27, 0, 'Project Updated', '2019-03-06 20:14:14', '114.143.234.170'),
(780, 1, 30, 0, 'Project Updated', '2019-03-06 20:14:29', '114.143.234.170'),
(781, 1, 32, 0, 'Project Updated', '2019-03-06 20:14:45', '114.143.234.170'),
(782, 1, 26, 115, 'Task Moved To <b>To Do</b>', '2019-03-06 20:18:17', '114.143.234.170'),
(783, 1, 26, 115, 'Task Moved To <b>To Do</b>', '2019-03-06 20:18:19', '114.143.234.170'),
(784, 1, 26, 114, 'Task Moved To <b>To Do</b>', '2019-03-06 20:18:31', '114.143.234.170'),
(785, 1, 26, 114, 'Task Moved To <b>To Do</b>', '2019-03-06 20:18:34', '114.143.234.170'),
(786, 1, 26, 112, 'Task Moved To <b>To Do</b>', '2019-03-06 20:19:11', '114.143.234.170'),
(787, 1, 26, 112, 'Task Moved To <b>To Do</b>', '2019-03-06 20:19:13', '114.143.234.170'),
(788, 1, 26, 114, 'Task Moved To <b>To Do</b>', '2019-03-06 20:19:53', '114.143.234.170'),
(789, 1, 26, 114, 'Task Moved To <b>To Do</b>', '2019-03-06 20:19:55', '114.143.234.170'),
(790, 1, 26, 115, 'Task Moved To <b>To Do</b>', '2019-03-06 20:20:21', '114.143.234.170'),
(791, 1, 26, 115, 'Task Moved To <b>To Do</b>', '2019-03-06 20:20:23', '114.143.234.170'),
(792, 1, 36, 0, 'Project Created', '2019-03-06 20:42:21', '114.143.234.170'),
(793, 1, 36, 143, 'Task Created', '2019-03-06 20:42:47', '114.143.234.170'),
(794, 1, 36, 143, 'Task Updated', '2019-03-06 20:44:11', '114.143.234.170'),
(795, 1, 36, 0, 'Added Ajay Chouhan In Team', '2019-03-06 20:44:20', '114.143.234.170'),
(796, 1, 36, 143, 'Task Updated', '2019-03-06 20:44:34', '114.143.234.170'),
(797, 1, 36, 144, 'Task Created', '2019-03-06 20:46:35', '114.143.234.170'),
(798, 1, 26, 145, 'Task Created', '2019-03-06 21:40:17', '114.143.234.170'),
(799, 1, 36, 0, 'Added DRF_Rise User In Team', '2019-03-07 19:55:02', '114.143.234.170'),
(800, 41, 21, 146, 'Task Created', '2019-03-07 20:11:41', '73.246.34.111'),
(801, 41, 21, 147, 'Task Created', '2019-03-07 20:11:48', '73.246.34.111'),
(802, 41, 21, 148, 'Task Created', '2019-03-07 20:12:00', '73.246.34.111'),
(803, 41, 21, 83, 'Task Moved To <b>To Do</b>', '2019-03-07 20:12:08', '73.246.34.111'),
(804, 41, 21, 83, 'Task Moved To <b>To Do</b>', '2019-03-07 20:12:12', '73.246.34.111'),
(805, 41, 21, 83, 'Task Moved To <b>To Do</b>', '2019-03-07 20:12:16', '73.246.34.111'),
(806, 41, 21, 83, 'Task Moved To <b>To Do</b>', '2019-03-07 20:12:18', '73.246.34.111'),
(807, 41, 21, 87, 'Task Moved To <b>To Do</b>', '2019-03-07 20:12:26', '73.246.34.111'),
(808, 41, 21, 87, 'Task Moved To <b>To Do</b>', '2019-03-07 20:12:29', '73.246.34.111'),
(809, 41, 21, 85, 'Task Moved To <b>To Do</b>', '2019-03-07 20:12:38', '73.246.34.111'),
(810, 41, 21, 85, 'Task Moved To <b>To Do</b>', '2019-03-07 20:12:39', '73.246.34.111'),
(811, 41, 21, 90, 'Task Moved To <b>To Do</b>', '2019-03-07 20:12:43', '73.246.34.111'),
(812, 41, 21, 90, 'Task Moved To <b>To Do</b>', '2019-03-07 20:12:45', '73.246.34.111'),
(813, 41, 21, 149, 'Task Created', '2019-03-07 21:10:03', '73.246.34.111'),
(814, 41, 21, 149, 'Task Updated', '2019-03-07 21:11:17', '73.246.34.111'),
(815, 41, 21, 149, 'Task Updated', '2019-03-07 21:12:19', '73.246.34.111'),
(816, 41, 21, 149, 'Task Updated', '2019-03-07 21:14:03', '73.246.34.111'),
(817, 41, 21, 86, 'Task Moved To <b>To Do</b>', '2019-03-07 21:14:07', '73.246.34.111'),
(818, 41, 21, 86, 'Task Moved To <b>To Do</b>', '2019-03-07 21:14:09', '73.246.34.111'),
(819, 41, 21, 149, 'Task Moved To <b>To Do</b>', '2019-03-07 21:14:13', '73.246.34.111'),
(820, 41, 21, 149, 'Task Moved To <b>To Do</b>', '2019-03-07 21:14:15', '73.246.34.111'),
(821, 41, 21, 149, 'Task Moved To <b>To Do</b>', '2019-03-07 21:14:17', '73.246.34.111'),
(822, 41, 21, 149, 'Task Moved To <b>To Do</b>', '2019-03-07 21:14:18', '73.246.34.111'),
(823, 41, 21, 149, 'Task Updated', '2019-03-07 21:14:32', '73.246.34.111'),
(824, 41, 21, 149, 'Task Moved To <b>To Do</b>', '2019-03-07 21:14:35', '73.246.34.111'),
(825, 41, 21, 149, 'Task Moved To <b>To Do</b>', '2019-03-07 21:15:19', '73.246.34.111'),
(826, 1, 21, 150, 'Task Created', '2019-03-08 19:15:31', '114.143.234.170'),
(827, 1, 21, 150, 'Deleted Task', '2019-03-08 19:17:13', '114.143.234.170'),
(828, 1, 20, 151, 'Task Created', '2019-03-08 19:27:03', '114.143.234.170'),
(829, 1, 20, 151, 'Deleted Task', '2019-03-08 19:27:12', '114.143.234.170'),
(830, 1, 36, 150, 'Task Created', '2019-03-11 20:33:27', '114.143.234.170'),
(831, 1, 36, 150, 'Task Updated', '2019-03-11 20:38:13', '114.143.234.170'),
(832, 1, 36, 0, 'Added Akhlesh Singotia In Team', '2019-03-11 20:38:28', '114.143.234.170'),
(833, 1, 36, 0, 'Added Tushar Masurkar In Team', '2019-03-11 20:38:28', '114.143.234.170'),
(834, 1, 36, 151, 'Task Created', '2019-03-11 20:38:36', '114.143.234.170'),
(835, 1, 36, 151, 'Added Attachment', '2019-03-11 20:41:40', '114.143.234.170'),
(836, 1, 36, 151, 'Task Updated', '2019-03-11 20:42:04', '114.143.234.170'),
(837, 1, 28, 127, 'Task Moved To <b>To Do</b>', '2019-03-12 17:35:18', '114.143.234.170'),
(838, 1, 28, 127, 'Task Moved To <b>To Do</b>', '2019-03-12 17:35:19', '114.143.234.170'),
(839, 1, 20, 58, 'Task Moved To <b>To Do</b>', '2019-03-12 17:38:02', '114.143.234.170'),
(840, 1, 20, 58, 'Task Moved To <b>To Do</b>', '2019-03-12 17:38:19', '114.143.234.170'),
(841, 1, 21, 0, 'Akhlesh Singotia\'s role changed to Lead', '2019-03-12 17:41:33', '114.143.234.170'),
(842, 1, 36, 150, 'Task Moved To <b>To Do</b>', '2019-03-12 17:45:48', '114.143.234.170'),
(843, 1, 36, 151, 'Task Moved To <b>To Do</b>', '2019-03-12 17:45:54', '114.143.234.170'),
(844, 27, 2, 152, 'Task Created', '2019-03-12 20:12:19', '114.143.234.170'),
(845, 1, 2, 0, 'Shreyas Foujdar\'s role changed to Lead', '2019-03-12 20:12:55', '114.143.234.170'),
(846, 1, 2, 0, 'Shreyas Foujdar\'s role changed to User', '2019-03-12 20:28:52', '114.143.234.170'),
(847, 1, 21, 85, 'Task Moved To <b>To Do</b>', '2019-03-12 20:31:08', '114.143.234.170'),
(848, 1, 2, 152, 'Deleted Task', '2019-03-12 20:31:32', '114.143.234.170'),
(849, 1, 36, 153, 'Task Created', '2019-03-12 21:36:02', '73.246.34.111'),
(850, 1, 36, 150, 'Task Moved To <b>To Do</b>', '2019-03-12 21:43:47', '73.246.34.111'),
(851, 1, 36, 150, 'Task Moved To <b>To Do</b>', '2019-03-12 21:43:49', '73.246.34.111'),
(852, 1, 36, 153, 'Deleted Task', '2019-03-12 21:49:55', '73.246.34.111'),
(853, 1, 26, 112, 'Task Moved To <b>To Do</b>', '2019-03-12 21:51:44', '73.246.34.111'),
(854, 1, 26, 112, 'Task Moved To <b>To Do</b>', '2019-03-12 21:51:48', '73.246.34.111'),
(855, 1, 28, 127, 'Task Moved To <b>To Do</b>', '2019-03-12 23:02:06', '114.143.234.170'),
(856, 1, 28, 127, 'Task Moved To <b>To Do</b>', '2019-03-12 23:02:07', '114.143.234.170'),
(857, 1, 28, 0, 'DRF_Red Apple User\'s role changed to Lead', '2019-03-12 23:02:18', '114.143.234.170'),
(858, 1, 28, 0, 'DRF_Red Apple User\'s role changed to User', '2019-03-12 23:02:18', '114.143.234.170'),
(859, 1, 28, 0, 'DRF_Red Apple User\'s role changed to Lead', '2019-03-12 23:02:19', '114.143.234.170'),
(860, 1, 28, 0, 'DRF_Red Apple User\'s role changed to User', '2019-03-12 23:02:20', '114.143.234.170'),
(861, 1, 28, 0, 'DRF_Red Apple User\'s role changed to Lead', '2019-03-12 23:02:26', '114.143.234.170'),
(862, 1, 28, 0, 'DRF_Red Apple User\'s role changed to User', '2019-03-12 23:02:27', '114.143.234.170'),
(863, 1, 36, 151, 'Task Moved To <b>To Do</b>', '2019-03-13 13:35:01', '73.246.34.111'),
(864, 1, 36, 151, 'Task Moved To <b>To Do</b>', '2019-03-13 13:35:02', '73.246.34.111'),
(865, 1, 36, 151, 'Task Moved To <b>To Do</b>', '2019-03-13 13:35:04', '73.246.34.111'),
(866, 1, 36, 151, 'Task Moved To <b>To Do</b>', '2019-03-13 13:35:07', '73.246.34.111'),
(867, 1, 21, 83, 'Task Moved To <b>To Do</b>', '2019-03-13 18:56:44', '114.143.234.170'),
(868, 1, 26, 116, 'Task Moved To <b>To Do</b>', '2019-03-14 01:20:49', '73.50.61.96'),
(869, 1, 26, 112, 'Task Updated', '2019-03-14 01:22:29', '73.50.61.96'),
(870, 1, 26, 112, 'Task Updated', '2019-03-14 01:22:48', '73.50.61.96'),
(871, 1, 26, 116, 'Task Moved To <b>To Do</b>', '2019-03-14 01:23:19', '73.50.61.96'),
(872, 1, 26, 115, 'Task Moved To <b>To Do</b>', '2019-03-14 01:23:20', '73.50.61.96'),
(873, 1, 26, 116, 'Task Moved To <b>To Do</b>', '2019-03-14 01:23:28', '73.50.61.96'),
(874, 1, 26, 116, 'Task Moved To <b>To Do</b>', '2019-03-14 01:23:33', '73.50.61.96'),
(875, 1, 26, 116, 'Task Moved To <b>To Do</b>', '2019-03-14 01:23:34', '73.50.61.96'),
(876, 1, 26, 116, 'Task Moved To <b>To Do</b>', '2019-03-14 01:23:37', '73.50.61.96'),
(877, 38, 27, 130, 'Task Moved To <b>To Do</b>', '2019-03-15 14:54:15', '114.143.234.170'),
(878, 38, 27, 132, 'Task Moved To <b>To Do</b>', '2019-03-15 14:54:17', '114.143.234.170'),
(879, 38, 27, 131, 'Task Moved To <b>To Do</b>', '2019-03-15 14:54:19', '114.143.234.170'),
(880, 38, 27, 136, 'Task Moved To <b>To Do</b>', '2019-03-15 14:54:21', '114.143.234.170'),
(881, 38, 26, 115, 'Task Moved To <b>To Do</b>', '2019-03-15 14:54:33', '114.143.234.170'),
(882, 37, 26, 152, 'Task Created', '2019-03-15 14:56:09', '114.143.234.170'),
(883, 38, 26, 153, 'Task Created', '2019-03-15 14:56:11', '114.143.234.170'),
(884, 37, 26, 154, 'Task Created', '2019-03-15 14:56:56', '114.143.234.170'),
(885, 1, 1, 50, 'Task Moved To <b>To Do</b>', '2019-03-18 23:50:17', '114.143.234.170'),
(886, 1, 1, 50, 'Task Moved To <b>To Do</b>', '2019-03-18 23:50:19', '114.143.234.170'),
(887, 1, 1, 57, 'Task Moved To <b>To Do</b>', '2019-03-18 23:50:29', '114.143.234.170'),
(888, 1, 1, 57, 'Task Moved To <b>To Do</b>', '2019-03-18 23:50:30', '114.143.234.170'),
(889, 1, 30, 135, 'Task Moved To <b>To Do</b>', '2019-03-20 00:58:17', '73.50.61.96'),
(890, 1, 30, 135, 'Task Moved To <b>To Do</b>', '2019-03-20 00:58:19', '73.50.61.96'),
(891, 1, 30, 137, 'Task Moved To <b>To Do</b>', '2019-03-20 00:58:28', '73.50.61.96'),
(892, 1, 22, 95, 'Task Moved To <b>To Do</b>', '2019-03-21 02:05:30', '216.223.154.98'),
(893, 1, 22, 95, 'Task Moved To <b>To Do</b>', '2019-03-21 02:05:33', '216.223.154.98'),
(894, 1, 22, 95, 'Task Moved To <b>To Do</b>', '2019-03-21 02:05:40', '216.223.154.98'),
(895, 38, 30, 137, 'Task Moved To <b>To Do</b>', '2019-03-25 14:13:46', '114.143.234.170'),
(896, 1, 26, 155, 'Task Created', '2019-03-25 15:23:06', '114.143.234.170'),
(897, 1, 26, 155, 'Added Comment', '2019-03-25 15:23:18', '114.143.234.170'),
(898, 1, 26, 155, 'Deleted Comment', '2019-03-25 15:23:23', '114.143.234.170'),
(899, 1, 26, 155, 'Deleted Task', '2019-03-25 15:23:27', '114.143.234.170'),
(900, 1, 37, 0, 'Project Created', '2019-03-25 16:27:39', '114.143.234.170'),
(901, 1, 1, 0, 'Added s f In Team', '2019-04-03 18:57:38', '114.143.234.170'),
(902, 1, 1, 63, 'Task Updated', '2019-04-03 18:57:55', '114.143.234.170'),
(903, 1, 1, 63, 'Added Comment', '2019-04-03 18:58:18', '114.143.234.170'),
(904, 1, 1, 63, 'Added Feedback', '2019-04-03 18:58:32', '114.143.234.170'),
(905, 1, 1, 63, 'Deleted Feedback', '2019-04-03 18:58:39', '114.143.234.170'),
(906, 1, 1, 63, 'Deleted Comment', '2019-04-03 18:58:45', '114.143.234.170'),
(907, 1, 1, 63, 'Task Updated', '2019-04-03 19:00:04', '114.143.234.170'),
(908, 1, 2, 0, 'Added Ajay Chouhan In Team', '2019-04-03 20:19:09', '114.143.234.170'),
(909, 1, 36, 0, 'Added Ajay Chouhan In Team', '2019-04-03 20:19:29', '114.143.234.170'),
(910, 1, 36, 0, 'Ajay Chouhan\'s role changed to Lead', '2019-04-03 20:19:35', '114.143.234.170'),
(911, 1, 36, 0, 'Added Luke Rebarchik In Team', '2019-04-03 20:19:53', '114.143.234.170'),
(912, 1, 36, 0, 'Added Noel Burkman In Team', '2019-04-03 20:19:53', '114.143.234.170'),
(913, 1, 36, 0, 'Noel Burkman\'s role changed to Lead', '2019-04-03 20:20:03', '114.143.234.170'),
(914, 1, 36, 0, 'Luke Rebarchik\'s role changed to Lead', '2019-04-03 20:20:04', '114.143.234.170'),
(915, 1, 20, 0, 'Added Ajay Chouhan In Team', '2019-04-03 20:20:27', '114.143.234.170'),
(916, 1, 20, 0, 'Added Noel Burkman In Team', '2019-04-03 20:20:27', '114.143.234.170'),
(917, 1, 20, 0, 'Ajay Chouhan\'s role changed to Lead', '2019-04-03 20:20:30', '114.143.234.170'),
(918, 1, 20, 0, 'Noel Burkman\'s role changed to Lead', '2019-04-03 20:20:40', '114.143.234.170'),
(919, 1, 21, 0, 'Added Ajay Chouhan In Team', '2019-04-03 20:21:26', '114.143.234.170'),
(920, 1, 21, 0, 'Added Noel Burkman In Team', '2019-04-03 20:21:26', '114.143.234.170');
INSERT INTO `activity_log` (`id`, `user_id`, `proj_id`, `ticket_id`, `activity_desc`, `entry_time`, `ip_address`) VALUES
(921, 1, 21, 0, 'Ajay Chouhan\'s role changed to Lead', '2019-04-03 20:21:29', '114.143.234.170'),
(922, 1, 21, 0, 'Noel Burkman\'s role changed to Lead', '2019-04-03 20:21:35', '114.143.234.170'),
(923, 47, 36, 150, 'Task Updated', '2019-04-03 20:25:08', '114.143.234.170'),
(924, 47, 36, 151, 'Task Updated', '2019-04-03 20:25:21', '114.143.234.170'),
(925, 47, 36, 152, 'Task Created', '2019-04-03 20:25:29', '114.143.234.170'),
(926, 47, 36, 152, 'Task Updated', '2019-04-03 20:26:39', '114.143.234.170'),
(927, 47, 36, 152, 'Task Updated', '2019-04-03 20:26:57', '114.143.234.170'),
(928, 47, 36, 152, 'Task Moved To <b>To Do</b>', '2019-04-03 20:27:00', '114.143.234.170'),
(929, 47, 36, 143, 'Task Updated', '2019-04-03 20:27:22', '114.143.234.170'),
(930, 1, 1, 0, 'Added Ajay Chouhan In Team', '2019-04-03 20:29:19', '114.143.234.170'),
(931, 1, 1, 0, 'Added Noel Burkman In Team', '2019-04-03 20:29:19', '114.143.234.170'),
(932, 1, 1, 0, 'Ajay Chouhan\'s role changed to Lead', '2019-04-03 20:29:22', '114.143.234.170'),
(933, 1, 1, 0, 'Noel Burkman\'s role changed to Lead', '2019-04-03 20:29:24', '114.143.234.170'),
(934, 1, 37, 0, 'Added Ajay Chouhan In Team', '2019-04-03 20:30:50', '114.143.234.170'),
(935, 1, 37, 0, 'Added Chetan Sonawane In Team', '2019-04-03 20:30:50', '114.143.234.170'),
(936, 1, 37, 0, 'Added Mithilesh  Kumar In Team', '2019-04-03 20:30:50', '114.143.234.170'),
(937, 38, 37, 153, 'Task Created', '2019-04-03 21:28:54', '114.143.234.170'),
(938, 38, 37, 153, 'Task Updated', '2019-04-03 21:32:27', '114.143.234.170'),
(939, 38, 37, 154, 'Task Created', '2019-04-03 21:32:33', '114.143.234.170'),
(940, 1, 37, 0, 'Ajay Chouhan\'s role changed to Lead', '2019-04-10 19:12:48', '114.143.234.170'),
(941, 1, 26, 0, 'Added Ajay Chouhan In Team', '2019-04-10 19:13:19', '114.143.234.170'),
(942, 1, 26, 0, 'Ajay Chouhan\'s role changed to Lead', '2019-04-10 19:13:22', '114.143.234.170'),
(943, 1, 30, 0, 'Added Ajay Chouhan In Team', '2019-04-10 19:13:44', '114.143.234.170'),
(944, 1, 30, 0, 'Ajay Chouhan\'s role changed to Lead', '2019-04-10 19:13:47', '114.143.234.170'),
(945, 1, 32, 0, 'Added Ajay Chouhan In Team', '2019-04-10 19:14:13', '114.143.234.170'),
(946, 1, 32, 0, 'Ajay Chouhan\'s role changed to Lead', '2019-04-10 19:14:22', '114.143.234.170'),
(947, 47, 32, 155, 'Task Created', '2019-04-10 19:16:23', '114.143.234.170'),
(948, 47, 26, 156, 'Task Created', '2019-04-10 19:20:53', '114.143.234.170'),
(949, 47, 26, 156, 'Task Updated', '2019-04-10 19:24:21', '114.143.234.170'),
(950, 47, 26, 156, 'Task Moved To <b>To Do</b>', '2019-04-10 19:24:32', '114.143.234.170'),
(951, 47, 26, 157, 'Task Created', '2019-04-10 19:25:18', '114.143.234.170'),
(952, 47, 26, 157, 'Task Updated', '2019-04-10 19:31:28', '114.143.234.170'),
(953, 47, 26, 158, 'Task Created', '2019-04-10 19:33:20', '114.143.234.170');

-- --------------------------------------------------------

--
-- Table structure for table `feedback`
--

DROP TABLE IF EXISTS `feedback`;
CREATE TABLE IF NOT EXISTS `feedback` (
  `feedback_id` int(11) NOT NULL AUTO_INCREMENT,
  `project_id` int(11) NOT NULL,
  `task_id` int(11) NOT NULL,
  `user_id` int(11) NOT NULL,
  `feedback_date` datetime NOT NULL,
  `score` double NOT NULL DEFAULT '0' COMMENT 'Avg of ratings received for this feedback',
  `comment` text,
  `entry_time` datetime DEFAULT NULL,
  `update_time` datetime DEFAULT NULL,
  `ip_address` varchar(20) DEFAULT NULL,
  PRIMARY KEY (`feedback_id`)
) ENGINE=InnoDB AUTO_INCREMENT=28 DEFAULT CHARSET=latin1;

--
-- Dumping data for table `feedback`
--

INSERT INTO `feedback` (`feedback_id`, `project_id`, `task_id`, `user_id`, `feedback_date`, `score`, `comment`, `entry_time`, `update_time`, `ip_address`) VALUES
(13, 26, 112, 39, '2019-03-01 00:00:00', 3.6, NULL, '2019-03-01 21:59:52', NULL, '114.143.234.170'),
(14, 27, 128, 1, '2019-03-05 00:00:00', 3.7, NULL, '2019-03-05 21:26:44', NULL, '50.201.95.250'),
(15, 26, 114, 1, '2019-03-06 00:00:00', 3.5, NULL, '2019-03-06 21:00:41', NULL, '50.201.95.250'),
(16, 20, 82, 1, '2019-03-07 00:00:00', 3.9, NULL, '2019-03-07 19:46:31', NULL, '114.143.234.170'),
(17, 20, 79, 1, '2019-03-07 00:00:00', 3.6, NULL, '2019-03-07 19:46:49', NULL, '114.143.234.170'),
(18, 21, 83, 1, '2019-03-07 00:00:00', 3, NULL, '2019-03-07 19:47:23', NULL, '114.143.234.170'),
(19, 30, 135, 1, '2019-03-07 00:00:00', 3.4, NULL, '2019-03-07 19:49:07', NULL, '114.143.234.170'),
(20, 30, 137, 1, '2019-03-07 00:00:00', 4.3, NULL, '2019-03-07 19:49:31', NULL, '114.143.234.170'),
(21, 2, 69, 1, '2019-03-07 00:00:00', 4.3, NULL, '2019-03-07 19:50:35', NULL, '114.143.234.170'),
(22, 2, 55, 1, '2019-03-07 00:00:00', 3.6, NULL, '2019-03-07 19:51:24', NULL, '114.143.234.170'),
(23, 21, 149, 41, '2019-03-07 00:00:00', 3.6, NULL, '2019-03-07 21:16:59', NULL, '73.246.34.111'),
(24, 2, 71, 1, '2019-03-12 00:00:00', 3.2, NULL, '2019-03-12 22:52:14', NULL, '114.143.234.170'),
(25, 26, 112, 1, '2019-03-14 00:00:00', 3.3, NULL, '2019-03-14 01:26:25', NULL, '73.50.61.96'),
(26, 22, 97, 1, '2019-03-21 00:00:00', 3.4, 'The calls were attended promptly, except where indicated.', '2019-03-21 02:08:01', NULL, '216.223.154.98'),
(27, 22, 95, 1, '2019-03-21 00:00:00', 2.7, '', '2019-03-21 02:11:45', NULL, '216.223.154.98');

-- --------------------------------------------------------

--
-- Table structure for table `global_settings`
--

DROP TABLE IF EXISTS `global_settings`;
CREATE TABLE IF NOT EXISTS `global_settings` (
  `id` int(11) NOT NULL AUTO_INCREMENT,
  `meta_key` varchar(100) NOT NULL,
  `meta_value` varchar(250) NOT NULL,
  PRIMARY KEY (`id`)
) ENGINE=InnoDB AUTO_INCREMENT=6 DEFAULT CHARSET=latin1;

--
-- Dumping data for table `global_settings`
--

INSERT INTO `global_settings` (`id`, `meta_key`, `meta_value`) VALUES
(1, 'project_slug_last_id', '21'),
(2, 'ticket_slug_last_id', '118'),
(3, 'from_email_id', 'noreply@integrative-systems.com'),
(4, 'from_email_title', 'Integrative Systems'),
(5, 'site_title', 'Project Management System');

-- --------------------------------------------------------

--
-- Table structure for table `goals`
--

DROP TABLE IF EXISTS `goals`;
CREATE TABLE IF NOT EXISTS `goals` (
  `g_id` int(11) NOT NULL AUTO_INCREMENT,
  `goal` text,
  `u_id` int(11) DEFAULT NULL,
  `g_type` int(11) NOT NULL,
  `ip_address` varchar(20) DEFAULT NULL,
  `entry_time` datetime DEFAULT NULL,
  `update_date` datetime DEFAULT NULL,
  PRIMARY KEY (`g_id`)
) ENGINE=MyISAM DEFAULT CHARSET=latin1;

-- --------------------------------------------------------

--
-- Table structure for table `project`
--

DROP TABLE IF EXISTS `project`;
CREATE TABLE IF NOT EXISTS `project` (
  `proj_id` int(11) NOT NULL AUTO_INCREMENT,
  `shortform` varchar(100) NOT NULL,
  `name` varchar(200) NOT NULL,
  `client_id` int(11) NOT NULL,
  `slug` varchar(100) NOT NULL,
  `created_by` int(11) NOT NULL,
  `entry_time` datetime DEFAULT NULL,
  `update_time` datetime DEFAULT NULL,
  `ip_address` varchar(20) DEFAULT NULL,
  PRIMARY KEY (`proj_id`)
) ENGINE=InnoDB AUTO_INCREMENT=38 DEFAULT CHARSET=latin1;

--
-- Dumping data for table `project`
--

INSERT INTO `project` (`proj_id`, `shortform`, `name`, `client_id`, `slug`, `created_by`, `entry_time`, `update_time`, `ip_address`) VALUES
(1, 'CLC', 'Corporate Leadership Center', 2, 'P1', 1, '2019-02-22 00:00:00', NULL, NULL),
(2, 'CEOP & LWE', 'CEO Perspectives & Leading Women Executives', 2, 'P2', 1, '2019-02-22 00:00:00', NULL, NULL),
(20, 'ASME', 'ASME Frontend Development', 2, 'P3', 1, '2019-02-22 20:44:54', NULL, '114.143.234.170'),
(21, 'ASME', 'ASME Backend Development', 2, 'P4', 1, '2019-02-26 18:05:53', NULL, '114.143.234.170'),
(22, 'SOS', 'Store Support', 6, 'P5', 1, '2019-02-27 14:48:20', '2019-02-27 21:49:30', '114.143.234.170'),
(26, 'MMS-185', 'PayPal Integration', 1, 'P9', 1, '2019-02-28 21:19:03', '2019-03-06 20:13:57', '114.143.234.170'),
(27, 'SODAFY19-163', 'Store Ordering Webservices', 1, 'P10', 1, '2019-02-28 21:20:40', '2019-03-06 20:14:14', '114.143.234.170'),
(28, 'MDA', 'Monthly Data Analytics', 6, 'P11', 1, '2019-02-28 22:47:15', NULL, '114.143.234.170'),
(30, 'SODAFY19-143', 'SODA Refunds Phase II', 1, 'P13', 36, '2019-03-01 15:26:51', '2019-03-06 20:14:29', '114.143.234.170'),
(32, 'CIP-658', 'SODA Refund Enhancements', 1, 'P15', 36, '2019-03-01 16:17:25', '2019-03-06 20:14:45', '114.143.234.170'),
(36, 'CMS', 'Data Migration', 2, 'P20', 1, '2019-03-06 20:42:21', NULL, '114.143.234.170'),
(37, 'IncludED Scalability', 'IncludED Scalability', 1, 'P21', 1, '2019-03-25 16:27:39', NULL, '114.143.234.170');

-- --------------------------------------------------------

--
-- Table structure for table `team`
--

DROP TABLE IF EXISTS `team`;
CREATE TABLE IF NOT EXISTS `team` (
  `id` int(11) NOT NULL AUTO_INCREMENT,
  `team` varchar(100) NOT NULL,
  `created_by` int(11) NOT NULL,
  `entry_time` datetime DEFAULT NULL,
  `update_time` datetime DEFAULT NULL,
  `ip_address` varchar(20) DEFAULT NULL,
  PRIMARY KEY (`id`)
) ENGINE=InnoDB AUTO_INCREMENT=6 DEFAULT CHARSET=latin1;

--
-- Dumping data for table `team`
--

INSERT INTO `team` (`id`, `team`, `created_by`, `entry_time`, `update_time`, `ip_address`) VALUES
(1, '.net', 1, '2019-03-05 00:00:00', NULL, NULL),
(2, 'AS400', 1, '2019-03-05 00:00:00', NULL, NULL),
(3, 'Design', 1, '2019-03-05 00:00:00', NULL, NULL),
(4, 'PHP', 1, '2019-03-05 00:00:00', NULL, NULL),
(5, 'QA', 1, '2019-03-05 00:00:00', NULL, NULL);

-- --------------------------------------------------------

--
-- Table structure for table `ticket`
--

DROP TABLE IF EXISTS `ticket`;
CREATE TABLE IF NOT EXISTS `ticket` (
  `ticket_id` int(11) NOT NULL AUTO_INCREMENT,
  `proj_id` int(11) NOT NULL,
  `name` varchar(200) DEFAULT NULL,
  `slug` varchar(150) NOT NULL,
  `description` text,
  `start_date` datetime DEFAULT NULL,
  `end_date` datetime DEFAULT NULL,
  `column_id` int(11) NOT NULL,
  `estimated_hours` double DEFAULT NULL,
  `actual_hours` double DEFAULT NULL,
  `rework_hours` double DEFAULT NULL,
  `status` enum('0','1') NOT NULL DEFAULT '0' COMMENT '0: Not Active; 1: Active',
  `created_by` int(11) NOT NULL,
  `entry_time` datetime DEFAULT NULL,
  `update_time` datetime DEFAULT NULL,
  `ip_address` varchar(20) DEFAULT NULL,
  PRIMARY KEY (`ticket_id`),
  KEY `column_id` (`column_id`),
  KEY `proj_id` (`proj_id`),
  KEY `created_by` (`created_by`)
) ENGINE=InnoDB AUTO_INCREMENT=159 DEFAULT CHARSET=latin1;

--
-- Dumping data for table `ticket`
--

INSERT INTO `ticket` (`ticket_id`, `proj_id`, `name`, `slug`, `description`, `start_date`, `end_date`, `column_id`, `estimated_hours`, `actual_hours`, `rework_hours`, `status`, `created_by`, `entry_time`, `update_time`, `ip_address`) VALUES
(50, 1, 'Homepage- Quote attribution  / organization length adjustment', 'T2', 'Currently, within a testimonial, the \"Organization\" input is limited to 200 characters. Can we open that up to unlimited? ', '2018-11-26 00:00:00', '2018-12-08 23:59:59', 3, NULL, NULL, NULL, '1', 1, '2019-02-22 18:06:39', '2019-03-18 23:50:19', '114.143.234.170'),
(54, 2, 'CMS', 'T6', 'The Statistics component is not displaying on any page. If I\'m in any page, click on a box, and select \"Statistics\", save, and publish, it should display on the front end. Nothing is displaying.', '2018-11-26 00:00:00', '2018-12-27 23:59:59', 3, NULL, NULL, NULL, '1', 1, '2019-02-22 18:09:08', '2019-02-26 18:22:42', '114.143.234.170'),
(55, 2, 'Global CMS', 'T7', 'How does the testimonial component on the WYSIWYG page work? Currently I click the button and nothing happens? should a pop up display with a dropdown menu? How do I choose the testimonial to display? does the user have to put the testimonial into the Testimonial widget before selecting it in the dropdown?', '2019-02-27 00:00:00', '2018-12-27 23:59:59', 3, NULL, NULL, NULL, '1', 1, '2019-02-22 18:09:31', '2019-02-26 18:21:42', '114.143.234.170'),
(56, 2, 'Add copywrite symbol', 'T8', 'Add copywriter symbol in footer', '2019-02-26 00:00:00', '2018-12-28 23:59:59', 3, NULL, NULL, NULL, '1', 1, '2019-02-22 18:09:50', '2019-02-26 18:24:52', '114.143.234.170'),
(57, 1, 'CLC - Mobile Quote Section Adjustment. ', 'T9', 'On mobile,  when a user moves from Gail Bordeaux\'s quote to John Roger\'s quote via the arrow button, you go from the quote to the \"Want to Learn More?\" section of the page, rather than his quote or title.\n\nThis appears to happen as the page is dynamically adjusting height to accommodate the length of the quote. This is working as expected, however, is there any way we can fix the height of that section to the longest quote so the user doesn\'t think they are being pushed to a new section? ', '2018-11-27 00:00:00', '2018-12-08 23:59:59', 3, NULL, NULL, NULL, '1', 28, '2019-02-22 19:32:27', '2019-03-18 23:50:30', '114.143.234.170'),
(58, 20, 'Logo', 'T10', 'Let\'s revove any logo size changing. So keep it in line with the main nav as seen here: https://zpl.io/VKKR9vq', '2019-02-26 00:00:00', '2019-03-04 23:59:59', 3, NULL, NULL, NULL, '1', 1, '2019-02-22 20:48:23', '2019-03-12 17:38:19', '114.143.234.170'),
(59, 1, 'Mobile footer', 'T11', 'Just curious- is there anything you can do for the footer on samsung? Can you make it so the logos are stacked on top of each other? Or is this just how it will look on samsung devices?', '2018-11-26 00:00:00', '2018-12-12 23:59:59', 3, NULL, NULL, NULL, '1', 1, '2019-02-26 17:55:04', '2019-02-26 18:22:50', '114.143.234.170'),
(60, 1, 'Captcha', 'T12', 'Can you please supply me with credentials for the captcha on all the Contact Us pages?', '2018-11-26 00:00:00', '2018-12-12 23:59:59', 3, NULL, NULL, NULL, '1', 1, '2019-02-26 17:58:15', '2019-02-26 18:22:56', '114.143.234.170'),
(61, 1, 'CMS Changes', 'T13', '1) Please add a \"Select Page\" for the testimonials. \n\n2) Please add the Testimonial, Schedules Grid, and Statistics components on the WYSIWYG page (All components on the CEOP and LWE site should be available on the CLC site even if there isn\'t any content for it).', '2018-11-27 00:00:00', '2018-12-08 23:59:59', 3, NULL, NULL, NULL, '1', 1, '2019-02-26 18:03:14', '2019-02-26 18:04:17', '114.143.234.170'),
(62, 1, 'Mobile Contact Us Button', 'T14', '\"Contact Us\" text in button is not centered', '2018-11-28 00:00:00', '2018-12-11 23:59:59', 3, NULL, NULL, NULL, '1', 1, '2019-02-26 18:04:48', '2019-02-26 18:05:29', '114.143.234.170'),
(63, 1, 'Global link styling', 'T15', 'Please ensure the global link styling (across the entire site, and for any newly created links in the CMS) is correct. Please refer to the Zeplin designs (Contact Us page has an example zpl.io/blP6wq1) It should be blue and underlined.', '2018-11-28 00:00:00', '2019-03-16 23:59:59', 2, 2, 2, 0, '1', 1, '2019-02-26 18:05:39', '2019-04-03 19:00:04', '114.143.234.170'),
(64, 1, 'Global - CMS Adjustments ', 'T16', 'See attached feedback on the CMS setup. There are some revisions we would like to see to make the CMS more intuitive for the client. Let me know if you have any questions. ', '2018-11-28 00:00:00', '2018-12-11 23:59:59', 3, NULL, NULL, NULL, '1', 1, '2019-02-26 18:06:24', '2019-02-26 18:22:53', '114.143.234.170'),
(65, 1, 'CLC UAT Feedback', 'T17', 'CLC UAT Feedback', '2018-11-28 00:00:00', '2018-12-11 23:59:59', 3, NULL, NULL, NULL, '1', 1, '2019-02-26 18:08:59', '2019-02-26 18:22:58', '114.143.234.170'),
(67, 2, 'Footer Alignment', 'T19', 'Footer Alignment issue on microsoft edge.', '2018-11-26 00:00:00', '2018-12-18 23:59:59', 3, NULL, NULL, NULL, '1', 1, '2019-02-26 18:19:11', '2019-02-26 18:25:03', '114.143.234.170'),
(68, 2, 'Global - CEOP/LWE Participant Portal Edit', 'T20', 'Once password is changed remove below text area.', '2018-11-26 00:00:00', '2018-12-27 23:59:59', 3, NULL, NULL, NULL, '1', 1, '2019-02-26 18:23:13', '2019-02-26 18:23:28', '114.143.234.170'),
(69, 2, 'Mobile hero images', 'T21', 'On mobile devices the hero images are displaying the far right of the photo instead of centering. Is there a way to fix it? If not thats okay. see screeshots', '2018-11-26 00:00:00', '2018-12-27 23:59:59', 3, NULL, NULL, NULL, '1', 1, '2019-02-26 18:23:43', '2019-02-26 18:23:57', '114.143.234.170'),
(70, 2, 'Reset Password- Global Change', 'T22', '1. Add a space between Settings and the - so it looks like: Settings - Reset Your Password\" \n2.Change security text to read: \"Your new password must be at least eight characters long, and include at least one number, uppercase letter, and special character.\"', '2018-11-26 00:00:00', '2018-12-04 23:59:59', 3, NULL, NULL, NULL, '1', 1, '2019-02-26 18:24:10', '2019-02-26 18:24:36', '114.143.234.170'),
(71, 2, 'LWE Participant Portal Profile Dropdown Selector ', 'T23', 'Within the participant profile,  for the Ethnicity box, the dropdown menu will not appear if you click on the down caret, only if you click on the word Ethnicity.  Please edit so that clicking on the caret also activates the drop-down menu. ', '2018-11-26 00:00:00', '2018-12-12 23:59:59', 3, NULL, NULL, NULL, '1', 1, '2019-02-26 18:26:33', '2019-02-26 18:26:50', '114.143.234.170'),
(72, 2, 'LWE Participant Portal Profile bug', 'T24', ' In participant and advocate business/mobile phone number fields, a red message about enter valid phone number appears under the field if dashes are used.  In the assistant phone number fields, the same message does not appear. Please make sure the same error message appears in the assistant phone number field as well.', '2018-11-26 00:00:00', '2018-12-12 23:59:59', 3, NULL, NULL, NULL, '1', 1, '2019-02-26 18:27:02', '2019-02-26 18:27:24', '114.143.234.170'),
(73, 2, 'Ambassadors Page Video Update', 'T25', 'Move The Power of the LWE Network video to this page  can be found on the Leading With Purpose Symposium event page on the old LWE website ', '2018-11-26 00:00:00', '2018-12-12 23:59:59', 3, NULL, NULL, NULL, '1', 1, '2019-02-26 18:27:42', '2019-02-26 18:27:57', '114.143.234.170'),
(74, 2, 'Homepage Quotes Reordering', 'T26', ' Reorder quotes on the Homepage in the following order: Scanlon, Howze, Yazdi  ', '2018-11-26 00:00:00', '2018-12-12 23:59:59', 3, NULL, NULL, NULL, '1', 1, '2019-02-26 18:28:10', '2019-02-26 18:28:23', '114.143.234.170'),
(75, 20, 'Scroll functionality', 'T27', 'This is missing specified scroll functionality. As noted in wireframes and Zeplin, it should have a disappear on scroll down, reappear on scroll up functionality. ', '2019-02-26 00:00:00', '2019-03-11 23:59:59', 3, NULL, NULL, NULL, '1', 1, '2019-02-26 18:39:39', '2019-02-26 21:47:13', '114.143.234.170'),
(76, 20, 'Skip to main content', 'T28', 'Element is missing. From wireframes: When user hits the tab button upon arriving to the page, an option will appear to Skip to main content, which if selected will skip user tabbing through navigation options.', '2019-02-26 00:00:00', '2019-03-11 23:59:59', 3, NULL, NULL, NULL, '1', 1, '2019-02-26 18:47:13', '2019-02-26 18:47:50', '114.143.234.170'),
(77, 20, 'Spacing', 'T29', 'Left column should have 29px of space between side of screen.', '2019-02-26 00:00:00', '2019-03-11 23:59:59', 3, NULL, NULL, NULL, '1', 1, '2019-02-26 18:47:59', '2019-02-26 18:48:42', '114.143.234.170'),
(78, 20, 'Main navigation', 'T30', 'Main navigation should look like Zeplin. Please fix. \nClosed: https://zpl.io/aRWON60\nMenu open: https://zpl.io/aByMOrA\nSearch open: https://zpl.io/bLKMjgB', '2019-02-26 00:00:00', '2019-03-11 23:59:59', 3, NULL, NULL, NULL, '1', 1, '2019-02-26 18:48:53', '2019-02-26 18:49:19', '114.143.234.170'),
(79, 20, 'Footer Links', 'T31', 'The headers in the footer (About ASME, Codes & Standards, etc) should have the blue hover state. ', '2019-02-26 00:00:00', '2019-03-11 23:59:59', 3, NULL, NULL, NULL, '1', 1, '2019-02-26 18:49:46', '2019-02-26 18:50:03', '114.143.234.170'),
(80, 20, 'Tags', 'T32', 'The tag \"pills\" at the bottom should be links with a hover effect like seen on the homepage.', '2019-02-26 00:00:00', '2019-03-11 23:59:59', 3, NULL, NULL, NULL, '1', 1, '2019-02-26 18:50:34', '2019-02-26 18:50:54', '114.143.234.170'),
(81, 20, 'Related Content Links', 'T33', 'The underline on these links looks way thicker than other links on the site.', '2019-02-26 00:00:00', '2019-03-11 23:59:59', 3, NULL, NULL, NULL, '1', 1, '2019-02-26 18:51:59', '2019-02-26 18:52:15', '114.143.234.170'),
(82, 20, 'Featured Content Cards', 'T34', 'Set a fixed margin/padding below topic tag. The topic tags should never be pushed up against the bottom of the card they are contained in.', '2019-02-26 00:00:00', '2019-03-11 23:59:59', 3, NULL, NULL, NULL, '1', 1, '2019-02-26 18:53:20', '2019-02-26 18:54:13', '114.143.234.170'),
(83, 21, 'Event Detail', 'T35', 'Add the following under Event Hero Background Image\nEventRegistration - Category\nEventRegistrationText - Text\nEventRegistrationURL - Text', '2019-02-26 00:00:00', '2019-03-04 23:59:59', 2, NULL, NULL, NULL, '1', 1, '2019-02-26 18:54:44', '2019-03-13 18:56:44', '114.143.234.170'),
(84, 21, 'Event Location/VenueDetails', 'T36', 'Add Sleeping Room Rate', '2019-02-26 00:00:00', '2019-03-01 23:59:59', 3, NULL, NULL, NULL, '1', 1, '2019-02-26 18:54:46', '2019-02-26 18:58:55', '114.143.234.170'),
(85, 21, 'Event Overview', 'T37', 'Remove ConferencesTitle to SeeMoreUpcomingWebinaText. That should be pulling from the top types in the controller.', '2019-02-26 00:00:00', '2019-03-01 23:59:59', 2, NULL, NULL, NULL, '1', 1, '2019-02-26 18:54:47', '2019-03-12 20:31:08', '114.143.234.170'),
(86, 21, 'Competitions  &  Travel Information', 'T38', 'Add URL Text Fields for Competitions Learn More , Travel Information Visa Letter\nTravel InformationTravel Venue', '2019-02-26 00:00:00', '2019-03-04 23:59:59', 1, NULL, NULL, NULL, '1', 1, '2019-02-26 18:54:47', '2019-03-07 21:14:09', '73.246.34.111'),
(87, 21, 'New Page Types For Event Details:', 'T39', 'Create Event Sponsor with ASME.EventSponsor Type\nCreate Event Sponsors Folder with ASME.EventSponsorsFolder Type\nCreate Event Contact with ASME.EventContact Type\nCreate Event Contacts Folder with ASME.EventContactsFolder Type', '2019-02-26 00:00:00', '2019-03-05 23:59:59', 3, NULL, NULL, NULL, '1', 1, '2019-02-26 18:54:47', '2019-03-07 20:12:29', '73.246.34.111'),
(88, 21, 'Page Types Changes in  Conference', 'T40', 'Conference Resources Container  ( Use Event Resources Folder Instead )', '2019-02-26 00:00:00', '2019-03-01 23:59:59', 3, NULL, NULL, NULL, '1', 1, '2019-02-26 18:54:47', '2019-02-26 19:03:28', '114.143.234.170'),
(89, 21, 'page type changes in Event Committee Meetings', 'T41', 'Event Committee Meetings ( No longer being used - Use Event Detail Instead).', '2019-02-26 00:00:00', '2019-03-04 23:59:59', 2, NULL, NULL, NULL, '1', 1, '2019-02-26 18:54:47', '2019-02-28 18:57:38', '182.74.198.202'),
(90, 21, 'Page type changes in Event Public Courses', 'T42', 'Event Public Courses ( No longer being used - Use Event Detail Instead);', '2019-02-26 00:00:00', '2019-03-04 23:59:59', 3, NULL, NULL, NULL, '1', 1, '2019-02-26 18:55:20', '2019-03-07 20:12:45', '73.246.34.111'),
(95, 22, 'Create Roster', 'T47', '\nCreate Roster in the way it should match on the following criteria\n1. Every one should get rotational shift\n2. Accommodate planned leaves if any\n3. Plan for additional task assigned by RedApple\n4. At least one backup should be available at any time.\n5. Resource should get week off as per preference if any.', '2019-02-27 00:00:00', '2019-03-05 23:59:59', 3, 3, 0, 0, '1', 1, '2019-02-27 15:29:04', '2019-03-21 02:05:40', '216.223.154.98'),
(97, 22, 'Attend Calls', 'T49', 'Teams availability to pick the call on time, provide response on the time and resolve issue.', '2019-02-27 00:00:00', '2019-04-30 23:59:59', 2, 0, 0, 0, '1', 1, '2019-02-27 21:14:32', '2019-02-27 22:28:11', '114.143.234.170'),
(112, 26, 'PP-09', 'T64', '\nPayPal Order - Authorization and Charge', '2019-01-01 00:00:00', '2019-02-14 23:59:59', 3, 264, 264, 0, '1', 1, '2019-02-28 21:20:52', '2019-03-14 01:22:48', '73.50.61.96'),
(113, 27, 'SODAFY19-173', 'T65', 'Create Suggested Orders Webservices', '2019-02-21 00:00:00', '2019-02-27 23:59:59', 3, 38, 40, 0, '1', 1, '2019-02-28 21:22:28', '2019-03-01 14:57:02', '182.74.198.202'),
(114, 26, 'PP-14', 'T66', 'PayPal Refund (Charge)', '2019-02-06 00:00:00', '2019-02-28 23:59:59', 3, 100, 80, 0, '1', 36, '2019-02-28 21:58:53', '2019-03-06 20:19:55', '114.143.234.170'),
(115, 26, 'PP-11', 'T67', 'PayPal Void (Auth)', '2019-01-22 00:00:00', '2019-03-01 23:59:59', 3, 100, 60, 0, '1', 36, '2019-02-28 22:02:59', '2019-03-15 14:54:33', '114.143.234.170'),
(116, 26, 'PP-17', 'T68', 'PayPal MMS Downstream Interfaces', '2019-03-04 00:00:00', '2019-03-22 23:59:59', 3, 100, 0, 0, '1', 36, '2019-02-28 22:07:09', '2019-03-14 01:23:37', '73.50.61.96'),
(127, 28, 'Produce monthly data report', 'T79', 'Step 1 - Take monthly store support data. It should include all the incidents received through all sources.\nStep 2 - Format the data\nStep 3 - Perform analysis on the points as mentioned in the attached last month sheet.\nStep 4 - Share it with Stake holders.\n\nThis should be done before 5th of every month.', '2019-02-27 00:00:00', '2019-03-14 23:59:59', 2, 5, 0, 0, '1', 1, '2019-02-28 22:48:00', '2019-03-12 23:02:07', '114.143.234.170'),
(128, 27, 'SODAFY19-170', 'T80', 'Create New Order Webservices', '2019-02-18 00:00:00', '2019-02-21 23:59:59', 3, 32, 24, 0, '1', 37, '2019-03-01 00:41:01', '2019-03-01 14:53:38', '182.74.198.202'),
(130, 27, 'SODAFY19-174', 'T82', 'Order Maintenance Webservices', '2019-02-28 00:00:00', '2019-03-05 23:59:59', 3, 32, 16, 0, '1', 37, '2019-03-01 14:55:55', '2019-03-15 14:54:15', '114.143.234.170'),
(131, 27, 'SODAFY19-180', 'T83', 'Update_PO_header :: To Update PO header from store orders', '2019-02-04 00:00:00', '2019-03-04 23:59:59', 3, 12, 0, 0, '1', 37, '2019-03-01 14:57:27', '2019-03-15 14:54:19', '114.143.234.170'),
(132, 27, 'SODAFY19-177', 'T84', 'Remove_Order : To Remove Store or Suggested Order', '2019-02-28 00:00:00', '2019-03-04 23:59:59', 3, 16, 0, 0, '1', 37, '2019-03-01 15:01:50', '2019-03-15 14:54:17', '114.143.234.170'),
(133, 27, 'SODAFY19-176', 'T85', 'Vendor Dropdown Webservices', '2019-02-28 00:00:00', '2019-03-01 23:59:59', 3, 16, 16, 0, '1', 36, '2019-03-01 15:04:26', '2019-03-01 15:28:28', '182.74.198.202'),
(134, 27, 'SODAFY19-161', 'T86', 'Process_Scan Webservice - To scan/search the ItemID and return the SKU list', '2019-02-04 00:00:00', '2019-02-13 23:59:59', 3, 60, 0, 0, '1', 37, '2019-03-01 15:11:52', '2019-03-01 15:25:05', '182.74.198.202'),
(135, 30, 'SODAFY19-10', 'T87', 'Add an option for Refund search', '2018-08-20 00:00:00', '2018-09-17 23:59:59', 3, 80, 64, 0, '1', 36, '2019-03-01 15:28:04', '2019-03-20 00:58:19', '73.50.61.96'),
(136, 27, 'SODAFY19-181', 'T88', 'Create_PO - Webservice :: The user submits the Suggested Order to become a Purchase Order. The process will use the standard PO Creation process and the PO will be advanced to released status.', '2019-03-05 00:00:00', '2019-03-07 23:59:59', 3, 16, 0, 0, '1', 37, '2019-03-01 15:30:57', '2019-03-15 14:54:21', '114.143.234.170'),
(137, 30, 'SODAFY19-16', 'T89', 'Ability to switch tender during refund', '2018-08-17 00:00:00', '2018-11-15 23:59:59', 3, 200, 180, 30, '1', 36, '2019-03-01 15:33:18', '2019-03-25 14:13:46', '114.143.234.170'),
(138, 30, 'SODAFY19-17', 'T90', 'Ability to reprint or re-email options for SODA return transaction', '2018-08-08 00:00:00', '2018-11-02 23:59:59', 3, 32, 28, 0, '1', 36, '2019-03-01 15:45:14', '2019-03-01 15:49:47', '182.74.198.202'),
(139, 30, 'SODAFY19-11', 'T91', 'SODA Refunds - Shipping Charges', '2018-09-20 00:00:00', '2018-11-15 23:59:59', 3, 240, 180, 80, '1', 36, '2019-03-01 15:48:01', '2019-03-01 15:54:01', '182.74.198.202'),
(140, 30, 'SODAFY19-12', 'T92', 'Ability to Exchange - Full or Partial Orders', '2018-08-29 00:00:00', '2018-11-23 23:59:59', 3, 200, 210, 0, '1', 36, '2019-03-01 15:54:16', '2019-03-01 21:49:37', '182.74.198.202'),
(143, 36, 'Requirements Gathering', 'T95', 'Collect the requirements, understand the scope & required skills.', '2019-03-06 00:00:00', '2019-04-12 23:59:59', 1, 0, 0, 0, '1', 1, '2019-03-06 20:42:47', '2019-04-03 20:27:22', '114.143.234.170'),
(149, 21, 'Test Task-Luke ', 'T101', 'Demo to Luke ', '2019-03-07 00:00:00', '2019-03-21 23:59:59', 3, 100, 0, 0, '1', 41, '2019-03-07 21:10:03', '2019-03-07 21:15:19', '73.246.34.111'),
(150, 36, 'Create a Table', 'T104', 'Create a table in migration database', '2019-03-08 00:00:00', '2019-03-25 23:59:59', 3, 3, 3, 0, '1', 1, '2019-03-11 20:33:27', '2019-04-03 20:25:08', '114.143.234.170'),
(151, 36, 'Field Mapping and Data Import', 'T105', 'Follow the instructions given.', '2019-03-08 00:00:00', '2019-03-25 23:59:59', 3, 5, 5, 0, '1', 1, '2019-03-11 20:38:36', '2019-04-03 20:25:21', '114.143.234.170'),
(152, 36, 'Write Script', 'T112', '\nWrite code/script to correct URL using New node alias Path', '2019-03-08 00:00:00', '2019-03-25 23:59:59', 3, 40, 40, 0, '1', 47, '2019-04-03 20:25:29', '2019-04-03 20:27:00', '114.143.234.170'),
(153, 37, ' INCLEDS1-56  ', 'T113', 'Development - SODA Receives the includED Digital Sales Order from OMS ', '2019-03-18 00:00:00', '2019-04-05 23:59:59', 2, 90, 75, 0, '1', 38, '2019-04-03 21:28:54', '2019-04-03 21:32:27', '114.143.234.170'),
(154, 37, '', 'T114', NULL, '2019-03-18 00:00:00', '2019-04-05 23:59:59', 1, 0, 0, 0, '0', 38, '2019-04-03 21:32:33', NULL, '114.143.234.170'),
(155, 32, '', 'T115', NULL, '2019-04-10 00:00:00', '2019-04-24 23:59:59', 1, 0, 0, 0, '0', 47, '2019-04-10 19:16:23', NULL, '114.143.234.170'),
(156, 26, 'PP-18 Dev (PP-17)', 'T116', 'This is development Sub task for PP-17 (MMS Downstream Interface)', '2019-03-06 00:00:00', '2019-03-29 23:59:59', 3, 36, 0, 0, '1', 47, '2019-04-10 19:20:53', '2019-04-10 19:24:32', '114.143.234.170'),
(157, 26, 'PP-12 Dev (PP-11 PayPal Void Auth)', 'T117', 'This is development Sub task of PP-11 Paypal Void Auth', '2019-03-06 00:00:00', '2019-04-05 23:59:59', 2, 80, 0, 0, '1', 47, '2019-04-10 19:25:18', '2019-04-10 19:31:28', '114.143.234.170'),
(158, 26, '', 'T118', NULL, '2019-03-06 00:00:00', '2019-04-05 23:59:59', 1, 0, 0, 0, '0', 47, '2019-04-10 19:33:20', NULL, '114.143.234.170');

-- --------------------------------------------------------

--
-- Table structure for table `ticket_column`
--

DROP TABLE IF EXISTS `ticket_column`;
CREATE TABLE IF NOT EXISTS `ticket_column` (
  `id` int(11) NOT NULL AUTO_INCREMENT,
  `column_name` varchar(100) NOT NULL,
  `created_by` int(11) NOT NULL,
  `entry_time` datetime DEFAULT NULL,
  `update_time` datetime DEFAULT NULL,
  `ip_address` varchar(20) DEFAULT NULL,
  PRIMARY KEY (`id`)
) ENGINE=InnoDB AUTO_INCREMENT=4 DEFAULT CHARSET=latin1;

--
-- Dumping data for table `ticket_column`
--

INSERT INTO `ticket_column` (`id`, `column_name`, `created_by`, `entry_time`, `update_time`, `ip_address`) VALUES
(1, 'To Do', 1, '2019-01-25 00:00:00', NULL, NULL),
(2, 'In Progress', 1, '2019-02-01 00:00:00', NULL, NULL),
(3, 'Complete', 1, '2019-02-01 00:00:00', NULL, NULL);

-- --------------------------------------------------------

--
-- Table structure for table `user`
--

DROP TABLE IF EXISTS `user`;
CREATE TABLE IF NOT EXISTS `user` (
  `uid` int(11) NOT NULL AUTO_INCREMENT,
  `email` varchar(150) NOT NULL,
  `username` varchar(255) NOT NULL,
  `first_name` varchar(200) NOT NULL,
  `last_name` varchar(200) NOT NULL,
  `password` text NOT NULL,
  `role` int(11) DEFAULT NULL,
  `designation` int(11) DEFAULT NULL,
  `vision` text,
  `mission` text,
  `acc_status` tinyint(1) NOT NULL DEFAULT '0' COMMENT '0: Not Active; 1: Active',
  `created_by` int(11) DEFAULT NULL,
  `entry_time` datetime DEFAULT NULL,
  `update_time` datetime DEFAULT NULL,
  `ip_address` varchar(20) DEFAULT NULL,
  PRIMARY KEY (`uid`),
  KEY `designation` (`designation`),
  KEY `role` (`role`)
) ENGINE=InnoDB AUTO_INCREMENT=48 DEFAULT CHARSET=latin1;

--
-- Dumping data for table `user`
--

INSERT INTO `user` (`uid`, `email`, `username`, `first_name`, `last_name`, `password`, `role`, `designation`, `vision`, `mission`, `acc_status`, `created_by`, `entry_time`, `update_time`, `ip_address`) VALUES
(1, 'rrajan@integrative-systems.com', 'admin', 'Rajesh', 'Rajan', 'f930ab365904a0658678642a79877a5462fdd2109e34c6fd769fd4c17a855b8c40e6432dc2676c0ba84ffc787729e07492c347488c08d9edd4363f42e417e17b1i89T54/JjUjcfJlQTKGPUGmt5ZongPhYGNawOPWE+Y=', 1, NULL, NULL, NULL, 1, 1, '2019-01-09 00:00:00', '2019-02-28 18:26:18', '182.74.198.202'),
(27, 'sfoujdar@integrative-systems.com', 'sfoujdar', 'Shreyas', 'Foujdar', 'f930ab365904a0658678642a79877a5462fdd2109e34c6fd769fd4c17a855b8c40e6432dc2676c0ba84ffc787729e07492c347488c08d9edd4363f42e417e17b1i89T54/JjUjcfJlQTKGPUGmt5ZongPhYGNawOPWE+Y=', 2, 2, NULL, NULL, 1, 1, '2019-02-22 18:00:08', '2019-02-22 18:18:12', '182.74.198.202'),
(28, 'zmistry@integrative-systems.com', 'zmistry', 'Zalak', 'Mistry', 'e3236f2d02bb5b1cc53a5295176bf63b9391bab4d3e3df6b9774294cf554da7688721dd287bcc32b9f8fc7348e177a8842e51c7b586e949c07e8d442a3687c56gnZ6cWn9GARVl2d9uqY+1QojgwljOACjsK5f6dhM0o0=', 2, 1, NULL, NULL, 1, 1, '2019-02-22 18:16:23', '2019-02-22 20:46:43', '182.74.198.202'),
(29, 'pmaskar@integrative-systems.com', 'pmaskar', 'Prashant', 'Maskar', 'ffe8f20c9bbfc48562b4129f12f7a466cd5f860eb87b6b715cf66db086dd8bfbd3afc8e77f901aa62d3f05d7125a795445e76ce3de7d1dbb4f539d12a657d10299XFEkKsj+vLhi3HzM0sx2xMZIR2qqeoXquzkLhBEzA=', 2, 2, NULL, NULL, 1, 1, '2019-02-22 18:24:17', '2019-02-22 20:46:30', '182.74.198.202'),
(30, 'dabhang@integrative-systems.com', 'dabhang', 'Dhananjay', 'Abhang', 'a6f808c190bf9d4f60d54bc42f5e4ec491df69d0df36cbe787cfa7f06fd5a8142749fde5f91820a54226a78d3b842fb220331fa8e44597f085bda04c32e4ee76u2JkT9ssbqLWvcQ0zav28LUAqHIbquye2llfar1dEFc=', 2, 1, NULL, NULL, 1, 1, '2019-02-26 18:43:02', NULL, '114.143.234.170'),
(31, 'adubey@integrative-systems.com', 'adubey', 'Ankur', 'Dubey', '4c7b07e96bdad20f307b4afdd0a29cbb836dafaeb1aa2b703a8162485b77151eded7e43d220e644e8b1f6310e0fb897ad1dfe008686da04579892ac7dc5ad279yBUKVr9gqpz1ej2+t6R0Qj/RT/R6PjecruAxJKAS6bM=', 2, 1, NULL, NULL, 1, 1, '2019-02-26 18:43:27', NULL, '114.143.234.170'),
(32, 'asingotia@integrative-systems.com', 'asingotia', 'Akhlesh', 'Singotia', '23f961a098aa0d4a27a940da8c0ada9e3ba8a9f9dc66798fe6e2d0610f3c6873ed3a3cb3f11c4565f5eaf37882e804973b18efb01edeefcb9cf22f69a11a820ceb0RkjQWP6QRWCkz8Y8t9QdU4Dtlq7SwsKc1IlfuXSk=', 2, 2, NULL, NULL, 1, 1, '2019-02-26 18:44:24', NULL, '114.143.234.170'),
(33, 'tmasurkar@integrative-systems.com', 'tmasurkar', 'Tushar', 'Masurkar', 'de6fbfe39f460aab5fa331c85b5589590bee2a25081376ed77aa3e843ffcf32f52da9c3eeebd1b8d8215d9c6ad1f31d0c5279349be99c8bc08ded4d6aa7157e5PAY5r/sJiWlpNP8RQaNXRl3xLE6K8lgEDijXjALSg1U=', 2, 2, NULL, NULL, 1, 1, '2019-02-26 18:44:59', NULL, '114.143.234.170'),
(35, 'stambe@integrative-systems.com', 'stambe', 'Sujata', 'Tambe', '23b6f19860032f714c53cd67959f3af69a084be6b5d142fd84ce38600118e39f38dea61f75fa8539846a22c266d6897ea29b3199ba5f2315d6bf7bb70c6958f2LD0tDZNgMVp/LZu1SMJTCcSjW/xLkXfTWV7Z+mrU7CA=', 2, 3, NULL, NULL, 1, 1, '2019-02-28 16:08:25', NULL, '182.74.198.202'),
(36, 'mkumar@integrative-systems.com', 'mkumar', 'Mithilesh ', 'Kumar', '46e17344bf7699086f93c3eff355b693882bdf1aeddc7260f51fd39b2622bd50e3566adc3dae289609dbb2d01ace2d4e9d11b43f4ebcb71abc6891df93a4fdb3z8H4Wpfj/i91BK2Lq8a0GfCbC2J9h6w4BverpNdrVRw=', 2, 2, NULL, NULL, 1, 1, '2019-02-28 21:23:38', '2019-03-01 16:01:16', '182.74.198.202'),
(37, 'gsrungarakavi@integrative-systems.com', 'gsrungarakavi', 'Gourisankar', 'Srungarakavi', '4fcf109ea12a9f180440faba6719861075ee6a24ed65ba023b95facbaafce7162d9c50df4fb24aca1ca988c57ecae266cdc94a1868c431329017112f861c8ccbs3RZUKCJ/VWC+ocYn9yYDGNe55GKTGib9OVBSCCGFVU=', 2, 2, NULL, NULL, 1, 1, '2019-02-28 21:24:09', '2019-03-01 14:55:29', '182.74.198.202'),
(38, 'csonawane@integrative-systems.com', 'csonawane', 'Chetan', 'Sonawane', '7ec4b757c00d3eb1e3f7076c131550942a8016963863840978fa69bb76d579790a210630c1385f3094d9710c820b4ee8f2ba45f2987a0c63d14a2cfdfaf511a3iKbSP2WKaIyErIJfMAzCVB1K7/iccw9aFAWQ3Rer5+M=', 2, 2, NULL, NULL, 1, 1, '2019-02-28 21:24:26', '2019-02-28 22:19:05', '182.74.198.202'),
(39, 'drffollett@integrative-systems.com', 'drffollett', 'DRF_Follett', 'User', 'f11c8b00b4096d0e31df06d5c08ba366568c6d382e7223a7b9551c0bafc57473f853e9a18a4e95eeaf5216d24dc1f8ea011bdb5997ae3f54d1ad25412650f446jiy+2QXPl+EMns11dK2UJC0WmoRRLbXdUYy9Y7vrHu8=', 3, 1, NULL, NULL, 1, 1, '2019-02-28 21:59:28', '2019-02-28 22:23:24', '114.143.234.170'),
(40, 'drfredapple@integrative-systems.com', 'drfredapple', 'DRF_Red Apple', 'User', 'f11c8b00b4096d0e31df06d5c08ba366568c6d382e7223a7b9551c0bafc57473f853e9a18a4e95eeaf5216d24dc1f8ea011bdb5997ae3f54d1ad25412650f446jiy+2QXPl+EMns11dK2UJC0WmoRRLbXdUYy9Y7vrHu8=', 3, 1, NULL, NULL, 1, 1, '2019-02-28 22:04:52', NULL, '114.143.234.170'),
(41, 'drfrise@integrative-systems.com', 'drfrise', 'DRF_Rise', 'User', 'f11c8b00b4096d0e31df06d5c08ba366568c6d382e7223a7b9551c0bafc57473f853e9a18a4e95eeaf5216d24dc1f8ea011bdb5997ae3f54d1ad25412650f446jiy+2QXPl+EMns11dK2UJC0WmoRRLbXdUYy9Y7vrHu8=', 3, 1, NULL, NULL, 1, 1, '2019-02-28 22:05:49', NULL, '114.143.234.170'),
(42, 'drfwahl@integrative-systems.com', 'drfwahl', 'DRF_Wahl', 'User', 'f11c8b00b4096d0e31df06d5c08ba366568c6d382e7223a7b9551c0bafc57473f853e9a18a4e95eeaf5216d24dc1f8ea011bdb5997ae3f54d1ad25412650f446jiy+2QXPl+EMns11dK2UJC0WmoRRLbXdUYy9Y7vrHu8=', 3, 1, NULL, NULL, 1, 1, '2019-02-28 22:06:46', NULL, '114.143.234.170'),
(43, 'drfnbc@integrative-systems.com', 'drfnbc', 'DRF_NBC', 'User', 'f11c8b00b4096d0e31df06d5c08ba366568c6d382e7223a7b9551c0bafc57473f853e9a18a4e95eeaf5216d24dc1f8ea011bdb5997ae3f54d1ad25412650f446jiy+2QXPl+EMns11dK2UJC0WmoRRLbXdUYy9Y7vrHu8=', 3, 1, NULL, NULL, 1, 1, '2019-02-28 22:08:32', NULL, '114.143.234.170'),
(44, 'noel.burkman@riseinteractive.com', 'noel.burkman', 'Noel', 'Burkman', '17141a7570f095b614ac52288d4b044f38f5382c46a9b76921edad5aabd63d324975d0b898b4b03afa6c1b1555a76e0a73ef7adc697b8dbe016516311df7a2303wH5cXSMQ8jlC+a+lyGnCN8afs4deLr1b843f15hu8c=', 3, 4, NULL, NULL, 1, 1, '2019-04-03 18:49:09', NULL, '114.143.234.170'),
(45, 'luke.rebarchik@riseinteractive.com', 'luke.rebarchik', 'Luke', 'Rebarchik', '58cc34af8a1bba49cf448b1a5701313472088c8b3c513fabf4cc932d79295ff58dc7410b4f22a860d812b4c37ed08b65e52f1c8ab154d79bc5b36a7efa170831eUpR8d1iCxNSNpNHqhrj1HIXn/taup2wor52Go1gzs0=', 3, 1, NULL, NULL, 1, 1, '2019-04-03 18:50:56', NULL, '114.143.234.170'),
(46, 'shreyas.foujdar@riseinteractive.com', 'shreyas.foujdar', 's', 'f', 'f44cf085c146b06579aa673bc59d8c1fe52d6a47ef76ff53e681162e77e53e1ee2e524b3a6884d58bb2f01c11bf284df5217d5ec2d2e4e61f96c15bdd5d5d40f8dt3BeLGQBJsuGzjcBMCka0YhXGsCplLAjhy66zBWLE=', 2, 2, NULL, NULL, 1, 1, '2019-04-03 18:57:07', NULL, '114.143.234.170'),
(47, 'achouhan@integrative-systems.com', 'achouhan', 'Ajay', 'Chouhan', 'cd36fac6d6f1819ef32a93ad2260e90fee8d3dea1fb36e64bd55ef604fad21b197221c5593b67e030679daa0f7e8e5b81e892c9be8ecbe8318a6de7339f3b52d0GQ+1rkzgfndsoOCm9ufoLXQ1OW1OhFHs1cil5j3RBQ=', 1, 4, NULL, NULL, 1, 1, '2019-04-03 20:14:20', '2019-04-03 21:48:18', '114.143.234.170');

-- --------------------------------------------------------

--
-- Table structure for table `user_designation_cat`
--

DROP TABLE IF EXISTS `user_designation_cat`;
CREATE TABLE IF NOT EXISTS `user_designation_cat` (
  `id` int(11) NOT NULL AUTO_INCREMENT,
  `designation` varchar(100) NOT NULL,
  `created_by` int(11) NOT NULL,
  `entry_time` datetime DEFAULT NULL,
  `update_time` datetime DEFAULT NULL,
  `ip_address` varchar(20) DEFAULT NULL,
  PRIMARY KEY (`id`)
) ENGINE=InnoDB AUTO_INCREMENT=5 DEFAULT CHARSET=latin1;

--
-- Dumping data for table `user_designation_cat`
--

INSERT INTO `user_designation_cat` (`id`, `designation`, `created_by`, `entry_time`, `update_time`, `ip_address`) VALUES
(1, 'Lead', 1, '2019-01-23 10:04:28', '2019-02-28 16:06:44', '182.74.198.202'),
(2, 'Developer', 1, '2019-01-31 10:15:35', NULL, '::1'),
(3, 'QA', 1, '2019-02-22 00:00:00', '2019-02-22 18:22:29', '182.74.198.202'),
(4, 'Manager', 1, '2019-02-27 16:58:49', '2019-04-03 17:38:51', '114.143.234.170');

-- --------------------------------------------------------

--
-- Table structure for table `user_login_details`
--

DROP TABLE IF EXISTS `user_login_details`;
CREATE TABLE IF NOT EXISTS `user_login_details` (
  `id` int(11) NOT NULL AUTO_INCREMENT,
  `token` text NOT NULL,
  `login_time` datetime DEFAULT NULL,
  `last_active` datetime DEFAULT NULL,
  `ip_address` varchar(20) DEFAULT NULL,
  PRIMARY KEY (`id`)
) ENGINE=InnoDB AUTO_INCREMENT=302 DEFAULT CHARSET=latin1;

--
-- Dumping data for table `user_login_details`
--

INSERT INTO `user_login_details` (`id`, `token`, `login_time`, `last_active`, `ip_address`) VALUES
(1, 'eyJ0eXAiOiJKV1QiLCJhbGciOiJIUzI1NiJ9.eyJ1aWQiOiIxIiwidGltZVN0YW1wIjoiMjAxOS0wMi0yMiAxNzo1OTozMyJ9.p-AkW35IuumUIfcBhmWPgqJICvbN0CL0Xbp4C_D8F-0', '2019-02-22 17:59:33', '2019-02-22 18:17:28', '114.143.234.170'),
(2, 'eyJ0eXAiOiJKV1QiLCJhbGciOiJIUzI1NiJ9.eyJ1aWQiOiIxIiwidGltZVN0YW1wIjoiMjAxOS0wMi0yMiAxODowMDoyMyJ9.JWoQ3m95OrKogzAWIXl6c2iT7xuWWuIEd7RUBXB0xYQ', '2019-02-22 18:00:23', '2019-02-22 18:00:31', '182.74.198.202'),
(3, 'eyJ0eXAiOiJKV1QiLCJhbGciOiJIUzI1NiJ9.eyJ1aWQiOiIxIiwidGltZVN0YW1wIjoiMjAxOS0wMi0yMiAxODowMDo0MyJ9.SgH89ktmCR_jjSKErDwXQP6oPs-DZWjH1OQFwQBfAhM', '2019-02-22 18:00:43', '2019-02-22 18:00:44', '182.74.198.202'),
(4, 'eyJ0eXAiOiJKV1QiLCJhbGciOiJIUzI1NiJ9.eyJ1aWQiOiIxIiwidGltZVN0YW1wIjoiMjAxOS0wMi0yMiAxODowMTozOCJ9.dzhLEBwvTOGWzu62IQmz4OvO4QTEz-zGOPAbMyegwO8', '2019-02-22 18:01:38', '2019-02-22 18:27:48', '182.74.198.202'),
(5, 'eyJ0eXAiOiJKV1QiLCJhbGciOiJIUzI1NiJ9.eyJ1aWQiOiIxIiwidGltZVN0YW1wIjoiMjAxOS0wMi0yMiAxODoyODoxMCJ9.OWEqrTmCJ16z9H8ahoV44KVKcbZFZLZEJ_ckMNeDm18', '2019-02-22 18:28:10', '2019-02-22 18:47:22', '182.74.198.202'),
(6, 'eyJ0eXAiOiJKV1QiLCJhbGciOiJIUzI1NiJ9.eyJ1aWQiOiIxIiwidGltZVN0YW1wIjoiMjAxOS0wMi0yMiAxODo1ODozNCJ9.Jv10-_v9bOA5gGC6PDV3kdrwSqovfMsDZ-dCmelVZoQ', '2019-02-22 18:58:34', '2019-02-22 19:00:45', '114.143.234.170'),
(7, 'eyJ0eXAiOiJKV1QiLCJhbGciOiJIUzI1NiJ9.eyJ1aWQiOiIyOCIsInRpbWVTdGFtcCI6IjIwMTktMDItMjIgMTk6MjQ6NTgifQ.ZzEaWMsQ7VLb6CC8mUJ0RQN1fEp0-EZ1TV8RRIRvM14', '2019-02-22 19:24:58', '2019-02-22 19:37:37', '182.74.198.202'),
(8, 'eyJ0eXAiOiJKV1QiLCJhbGciOiJIUzI1NiJ9.eyJ1aWQiOiIxIiwidGltZVN0YW1wIjoiMjAxOS0wMi0yMiAxOTo0NDowNSJ9.Ej2O7TI2VR_HOzObxL3LC0l86zq__qeWSgAmefWbJCs', '2019-02-22 19:44:05', '2019-02-22 19:44:09', '114.143.234.170'),
(9, 'eyJ0eXAiOiJKV1QiLCJhbGciOiJIUzI1NiJ9.eyJ1aWQiOiIxIiwidGltZVN0YW1wIjoiMjAxOS0wMi0yMiAyMDo0MjozMiJ9.DC0_VZ4SfO-EdaaUPzmk0gu_4eMxnJ5dUT5419OndlU', '2019-02-22 20:42:32', '2019-02-22 20:52:07', '114.143.234.170'),
(10, 'eyJ0eXAiOiJKV1QiLCJhbGciOiJIUzI1NiJ9.eyJ1aWQiOiIxIiwidGltZVN0YW1wIjoiMjAxOS0wMi0yMiAyMDo0NTowOCJ9.j1lta59m-NWQ0USZqFEstEBmqnfXrOyObruJSKhHKTk', '2019-02-22 20:45:08', '2019-02-22 20:51:50', '182.74.198.202'),
(11, 'eyJ0eXAiOiJKV1QiLCJhbGciOiJIUzI1NiJ9.eyJ1aWQiOiIxIiwidGltZVN0YW1wIjoiMjAxOS0wMi0yMiAyMDo1NToxOSJ9.uc3E8eL6zlb7d3caiZEg27ogYEUqO9yRWk6phk29qEA', '2019-02-22 20:55:19', '2019-02-22 21:49:04', '73.246.34.111'),
(12, 'eyJ0eXAiOiJKV1QiLCJhbGciOiJIUzI1NiJ9.eyJ1aWQiOiIxIiwidGltZVN0YW1wIjoiMjAxOS0wMi0yNCAwNDo0NDo0OCJ9.sSLZR2z1dpR-9ESv32K1L1f8yLbSTLvI5ybtUk2Z2_U', '2019-02-24 04:44:48', '2019-02-24 04:47:29', '64.53.242.79'),
(13, 'eyJ0eXAiOiJKV1QiLCJhbGciOiJIUzI1NiJ9.eyJ1aWQiOiIxIiwidGltZVN0YW1wIjoiMjAxOS0wMi0yNSAwNTo1MDo0OSJ9.WRcUPlp6-WiiVmitCAFZjJMdG8MzHubkCaj8VNUAPuY', '2019-02-25 05:50:49', '2019-02-25 05:50:49', '73.246.34.111'),
(14, 'eyJ0eXAiOiJKV1QiLCJhbGciOiJIUzI1NiJ9.eyJ1aWQiOiIxIiwidGltZVN0YW1wIjoiMjAxOS0wMi0yNSAxNToxNDo1OCJ9.jP97lAR1QriWRhERtM_FRY0MWOmr2T1lf4q_EQ43bU4', '2019-02-25 15:14:58', '2019-02-25 15:14:59', '114.143.234.170'),
(15, 'eyJ0eXAiOiJKV1QiLCJhbGciOiJIUzI1NiJ9.eyJ1aWQiOiIxIiwidGltZVN0YW1wIjoiMjAxOS0wMi0yNSAyMToxMDozNCJ9.8Ty2iaMceu05iOvde4FLog8FRz_IG4tgcEBRYkWJzOA', '2019-02-25 21:10:34', '2019-02-25 21:10:35', '114.143.234.170'),
(16, 'eyJ0eXAiOiJKV1QiLCJhbGciOiJIUzI1NiJ9.eyJ1aWQiOiIxIiwidGltZVN0YW1wIjoiMjAxOS0wMi0yNSAyMToxNDoyNSJ9.zRcOHr4I7ow71rvmxh7_339MsFwoAJuRlKjiuqQ7TjU', '2019-02-25 21:14:25', '2019-02-25 21:27:56', '114.143.234.170'),
(17, 'eyJ0eXAiOiJKV1QiLCJhbGciOiJIUzI1NiJ9.eyJ1aWQiOiIxIiwidGltZVN0YW1wIjoiMjAxOS0wMi0yNSAyMToxNDo0MCJ9.IbraJtzHSbfw5T0z1gP3Vs9GVybzoiji9hyWNfR78_s', '2019-02-25 21:14:40', '2019-02-25 21:14:41', '114.143.234.170'),
(18, 'eyJ0eXAiOiJKV1QiLCJhbGciOiJIUzI1NiJ9.eyJ1aWQiOiIxIiwidGltZVN0YW1wIjoiMjAxOS0wMi0yNSAyMToxNToxMSJ9.zPtr7D7vh9HO4YWw_ukI52SSjBC4_rspEzcJHEdQRgI', '2019-02-25 21:15:11', '2019-02-25 21:19:39', '114.143.234.170'),
(19, 'eyJ0eXAiOiJKV1QiLCJhbGciOiJIUzI1NiJ9.eyJ1aWQiOiIxIiwidGltZVN0YW1wIjoiMjAxOS0wMi0yNSAyMToyMTozNCJ9.Rik4UrFFj8DesaC0vzozekfaeGqU5Q8RVmoLKQ3prTs', '2019-02-25 21:21:34', '2019-02-25 21:21:38', '114.143.234.170'),
(20, 'eyJ0eXAiOiJKV1QiLCJhbGciOiJIUzI1NiJ9.eyJ1aWQiOiIxIiwidGltZVN0YW1wIjoiMjAxOS0wMi0yNSAyMTo0MDozNSJ9.RaWrhfFvNAE0tSjHezgTIiEi5n15Ugkg98-AoXuH_LA', '2019-02-25 21:40:35', '2019-02-25 21:40:36', '73.246.34.111'),
(21, 'eyJ0eXAiOiJKV1QiLCJhbGciOiJIUzI1NiJ9.eyJ1aWQiOiIxIiwidGltZVN0YW1wIjoiMjAxOS0wMi0yNSAyMTo0Mjo0NCJ9.06Olb4Z_aUh5wrt5w-KM9Ni2lu2dUbYgELKSDRbLJl0', '2019-02-25 21:42:44', '2019-02-25 21:50:58', '73.246.34.111'),
(22, 'eyJ0eXAiOiJKV1QiLCJhbGciOiJIUzI1NiJ9.eyJ1aWQiOiIxIiwidGltZVN0YW1wIjoiMjAxOS0wMi0yNSAyMjozNDo1OSJ9.LBI4sB97TgebqCjc4ySDmDxwItIxPTOhU3Z_s1m-Vcg', '2019-02-25 22:34:59', '2019-02-25 22:49:25', '73.246.34.111'),
(23, 'eyJ0eXAiOiJKV1QiLCJhbGciOiJIUzI1NiJ9.eyJ1aWQiOiIxIiwidGltZVN0YW1wIjoiMjAxOS0wMi0yNiAwMjowMzoyOCJ9.OInQ2gzM2qnI0WPJbcF7h2qV6-2FUJ0mjpM5lQGYSy4', '2019-02-26 02:03:28', '2019-02-26 02:11:37', '73.246.34.111'),
(24, 'eyJ0eXAiOiJKV1QiLCJhbGciOiJIUzI1NiJ9.eyJ1aWQiOiIxIiwidGltZVN0YW1wIjoiMjAxOS0wMi0yNiAwMjozNToxMSJ9.wTDSXnWL5zMywJKaRRSRk_3V5ocHgT2hY5_IaugRSeA', '2019-02-26 02:35:11', '2019-02-26 02:35:12', '73.246.34.111'),
(25, 'eyJ0eXAiOiJKV1QiLCJhbGciOiJIUzI1NiJ9.eyJ1aWQiOiIxIiwidGltZVN0YW1wIjoiMjAxOS0wMi0yNiAxMzo1MjozNiJ9.J8dgQ7Zc_VExkx1FssQguUsxYfDMkS-9zUdX6h_du6Y', '2019-02-26 13:52:36', '2019-02-26 13:52:37', '114.143.234.170'),
(26, 'eyJ0eXAiOiJKV1QiLCJhbGciOiJIUzI1NiJ9.eyJ1aWQiOiIxIiwidGltZVN0YW1wIjoiMjAxOS0wMi0yNiAxNDoyNjoxNCJ9.r1me35IksqgkSNkZMgb6QBsQd5htnlskad2yN-LW7FY', '2019-02-26 14:26:14', '2019-02-26 14:46:51', '114.143.234.170'),
(27, 'eyJ0eXAiOiJKV1QiLCJhbGciOiJIUzI1NiJ9.eyJ1aWQiOiIxIiwidGltZVN0YW1wIjoiMjAxOS0wMi0yNiAxNTo1NTozNCJ9.KUcSDLewBW0sx_ERrih6Oz-2Fg7r3L4jZ0aqUzyK5Is', '2019-02-26 15:55:34', '2019-02-26 15:55:36', '114.143.234.170'),
(28, 'eyJ0eXAiOiJKV1QiLCJhbGciOiJIUzI1NiJ9.eyJ1aWQiOiIxIiwidGltZVN0YW1wIjoiMjAxOS0wMi0yNiAxNjowNzo0MSJ9.a5OTMQH5a5-_sT_xfcHQ9XrYe9PEJvQLZ01RDOf9QvA', '2019-02-26 16:07:41', '2019-02-26 16:08:34', '73.246.34.111'),
(29, 'eyJ0eXAiOiJKV1QiLCJhbGciOiJIUzI1NiJ9.eyJ1aWQiOiIxIiwidGltZVN0YW1wIjoiMjAxOS0wMi0yNiAxNzozNTowMSJ9.DQOICn07pocTf-6anvcLZVg77kUnnRI8Rb3mpR1YT_w', '2019-02-26 17:35:01', '2019-02-26 17:35:04', '114.143.234.170'),
(30, 'eyJ0eXAiOiJKV1QiLCJhbGciOiJIUzI1NiJ9.eyJ1aWQiOiIxIiwidGltZVN0YW1wIjoiMjAxOS0wMi0yNiAxNzo0ODo0MCJ9.whVQbfv6dpwrLSfr3gtDy3OUW6jprGYkuX_2fGGk-KY', '2019-02-26 17:48:40', '2019-02-26 18:41:28', '114.143.234.170'),
(31, 'eyJ0eXAiOiJKV1QiLCJhbGciOiJIUzI1NiJ9.eyJ1aWQiOiIxIiwidGltZVN0YW1wIjoiMjAxOS0wMi0yNiAxNzo1NDoyOCJ9.Q0RWDXZjzQ6VrlMoWuKvTnCBlIok8vokyP2mREToIcE', '2019-02-26 17:54:28', '2019-02-26 19:03:53', '114.143.234.170'),
(32, 'eyJ0eXAiOiJKV1QiLCJhbGciOiJIUzI1NiJ9.eyJ1aWQiOiIxIiwidGltZVN0YW1wIjoiMjAxOS0wMi0yNiAxODozNjoyOSJ9.fjQLd1k4tXdIAQbzXfkDjaBSBrXzjKs6OL5OJmQ1zpA', '2019-02-26 18:36:29', '2019-02-26 18:36:33', '182.74.198.202'),
(33, 'eyJ0eXAiOiJKV1QiLCJhbGciOiJIUzI1NiJ9.eyJ1aWQiOiIxIiwidGltZVN0YW1wIjoiMjAxOS0wMi0yNiAxODo1MTo1NyJ9.eJUJlCR8eCstd24yrnoRGeFOm8iw3Z_gXJytB_UAzoE', '2019-02-26 18:51:57', '2019-02-26 18:56:09', '114.143.234.170'),
(34, 'eyJ0eXAiOiJKV1QiLCJhbGciOiJIUzI1NiJ9.eyJ1aWQiOiIxIiwidGltZVN0YW1wIjoiMjAxOS0wMi0yNiAxOTowNDowNiJ9.RiUKCR7l2HDZ9ilDSte7bERvuhfGXs8tIwEkFEYYxaw', '2019-02-26 19:04:06', '2019-02-26 19:34:34', '73.246.34.111'),
(35, 'eyJ0eXAiOiJKV1QiLCJhbGciOiJIUzI1NiJ9.eyJ1aWQiOiIxIiwidGltZVN0YW1wIjoiMjAxOS0wMi0yNiAxOTozNDozMSJ9.-EQtUu5MYMmGnaxNl-MWKA8TwfM3XV4kxwVxgKEfgkY', '2019-02-26 19:34:31', '2019-02-26 19:34:32', '114.143.234.170'),
(36, 'eyJ0eXAiOiJKV1QiLCJhbGciOiJIUzI1NiJ9.eyJ1aWQiOiIxIiwidGltZVN0YW1wIjoiMjAxOS0wMi0yNiAxOTo1NDoyNiJ9.KE7spkyPoONN3vW9kBKbOVUErDOGe6iazM6Y_s8puR8', '2019-02-26 19:54:26', '2019-02-26 20:41:13', '114.143.234.170'),
(37, 'eyJ0eXAiOiJKV1QiLCJhbGciOiJIUzI1NiJ9.eyJ1aWQiOiIxIiwidGltZVN0YW1wIjoiMjAxOS0wMi0yNiAyMDowNDozMSJ9.lGrX16euw9aFe_uPGyCGhSe2gNSx9_qXwRJ4QIw4Eg8', '2019-02-26 20:04:31', '2019-02-26 20:18:15', '114.143.234.170'),
(38, 'eyJ0eXAiOiJKV1QiLCJhbGciOiJIUzI1NiJ9.eyJ1aWQiOiIxIiwidGltZVN0YW1wIjoiMjAxOS0wMi0yNiAyMTozODowMyJ9._z6R_MT_fym8aEwF_JpAmC9tt-YJOV6BpG5yF5HOHOQ', '2019-02-26 21:38:03', '2019-02-26 21:38:03', '114.143.234.170'),
(39, 'eyJ0eXAiOiJKV1QiLCJhbGciOiJIUzI1NiJ9.eyJ1aWQiOiIxIiwidGltZVN0YW1wIjoiMjAxOS0wMi0yNiAyMTozODoxNSJ9.vG1Q4QVCYEZunD6hzR-BB5je3qCxQCLts2ZXpA6nyKo', '2019-02-26 21:38:15', '2019-02-26 21:45:33', '114.143.234.170'),
(40, 'eyJ0eXAiOiJKV1QiLCJhbGciOiJIUzI1NiJ9.eyJ1aWQiOiIxIiwidGltZVN0YW1wIjoiMjAxOS0wMi0yNiAyMTo0NTowMyJ9.8OyeKJzApLAWJ2bI0tH3WYNOXOE9dzmpModB992H6rk', '2019-02-26 21:45:03', '2019-02-26 21:52:59', '114.143.234.170'),
(41, 'eyJ0eXAiOiJKV1QiLCJhbGciOiJIUzI1NiJ9.eyJ1aWQiOiIxIiwidGltZVN0YW1wIjoiMjAxOS0wMi0yNiAyMTo1MTowNSJ9.9I3exJpotBEoeMrdpkigTevDyXMnQ52d2a4zSUnCuZQ', '2019-02-26 21:51:05', '2019-02-26 22:02:11', '114.143.234.170'),
(42, 'eyJ0eXAiOiJKV1QiLCJhbGciOiJIUzI1NiJ9.eyJ1aWQiOiIxIiwidGltZVN0YW1wIjoiMjAxOS0wMi0yNiAyMTo1ODozMiJ9.crcwalnjNxUiT-On5QN1nfOrnWKBrynirSwTcYlQmkA', '2019-02-26 21:58:32', '2019-02-26 22:10:15', '73.110.42.98'),
(43, 'eyJ0eXAiOiJKV1QiLCJhbGciOiJIUzI1NiJ9.eyJ1aWQiOiIxIiwidGltZVN0YW1wIjoiMjAxOS0wMi0yNiAyMTo1OTowMiJ9.-ah8u3-qA6Tab-Ba7eqNdiZHXFBBhOIaLVrZMYUZkI8', '2019-02-26 21:59:02', '2019-02-26 22:14:35', '114.143.234.170'),
(44, 'eyJ0eXAiOiJKV1QiLCJhbGciOiJIUzI1NiJ9.eyJ1aWQiOiIxIiwidGltZVN0YW1wIjoiMjAxOS0wMi0yNiAyMjoyMjozMyJ9.dEQmh9rJrPyRCNMSifO2Gse_L9Cj6FDXWyu1qhIvqsQ', '2019-02-26 22:22:33', '2019-02-26 22:23:55', '114.143.234.170'),
(45, 'eyJ0eXAiOiJKV1QiLCJhbGciOiJIUzI1NiJ9.eyJ1aWQiOiIxIiwidGltZVN0YW1wIjoiMjAxOS0wMi0yNiAyMjo1NDo1MyJ9._EB_rWibzkgxEJSd9s6FRxiNwurtrRhxM3G24jd8lG8', '2019-02-26 22:54:53', '2019-02-26 22:55:01', '114.143.234.170'),
(46, 'eyJ0eXAiOiJKV1QiLCJhbGciOiJIUzI1NiJ9.eyJ1aWQiOiIxIiwidGltZVN0YW1wIjoiMjAxOS0wMi0yNiAyMjo1NToyMyJ9.SGful8_VebGPsEzQm1McY3N66eEsTFYFc4BHwk4EzR4', '2019-02-26 22:55:23', '2019-02-26 22:55:24', '114.143.234.170'),
(47, 'eyJ0eXAiOiJKV1QiLCJhbGciOiJIUzI1NiJ9.eyJ1aWQiOiIxIiwidGltZVN0YW1wIjoiMjAxOS0wMi0yNyAxMzo0Nzo1OSJ9.j1dfIzjaON4ughQxCDvW-_MPbaOrdKs-Ch5rKmE07wo', '2019-02-27 13:47:59', '2019-02-27 13:48:00', '114.143.234.170'),
(48, 'eyJ0eXAiOiJKV1QiLCJhbGciOiJIUzI1NiJ9.eyJ1aWQiOiIxIiwidGltZVN0YW1wIjoiMjAxOS0wMi0yNyAxMzo0OTozMiJ9.wQ9lF8OsnC-HFKELHTp5wM6SGx95I4ELLg6bpFwVB10', '2019-02-27 13:49:32', '2019-02-27 13:49:38', '114.143.234.170'),
(49, 'eyJ0eXAiOiJKV1QiLCJhbGciOiJIUzI1NiJ9.eyJ1aWQiOiIxIiwidGltZVN0YW1wIjoiMjAxOS0wMi0yNyAxMzo1Mzo0OCJ9.R9I6KwxdSE4mzdaCG6vt_89ZJF7o3L8RWJXdsHj2blk', '2019-02-27 13:53:48', '2019-02-27 14:03:23', '114.143.234.170'),
(50, 'eyJ0eXAiOiJKV1QiLCJhbGciOiJIUzI1NiJ9.eyJ1aWQiOiIxIiwidGltZVN0YW1wIjoiMjAxOS0wMi0yNyAxNDowNDoyNCJ9.FlbiaykYIeUhCJfJxnggk7KvZ7yFFR2z_3vB-Xop1n0', '2019-02-27 14:04:24', '2019-02-27 14:04:31', '114.143.234.170'),
(51, 'eyJ0eXAiOiJKV1QiLCJhbGciOiJIUzI1NiJ9.eyJ1aWQiOiIxIiwidGltZVN0YW1wIjoiMjAxOS0wMi0yNyAxNDo0Nzo1MSJ9.e3zbQyjPtAxuf3kGQMPRwihGGWWMz8yMjqKgeIGKIFU', '2019-02-27 14:47:51', '2019-02-27 14:47:59', '114.143.234.170'),
(52, 'eyJ0eXAiOiJKV1QiLCJhbGciOiJIUzI1NiJ9.eyJ1aWQiOiIxIiwidGltZVN0YW1wIjoiMjAxOS0wMi0yNyAxNToyNzowMCJ9.XbpwLdG9e_nXyfAUoV95Rqs-iZvHeCL80Z0HNm0ho-o', '2019-02-27 15:27:00', '2019-02-27 15:28:58', '114.143.234.170'),
(53, 'eyJ0eXAiOiJKV1QiLCJhbGciOiJIUzI1NiJ9.eyJ1aWQiOiIxIiwidGltZVN0YW1wIjoiMjAxOS0wMi0yNyAxNTozODo1MyJ9.nDiYs0zyPPjWhaftsbFAtCtITFzVdXB4IQsFdi9-s1g', '2019-02-27 15:38:53', '2019-02-27 15:40:46', '114.143.234.170'),
(54, 'eyJ0eXAiOiJKV1QiLCJhbGciOiJIUzI1NiJ9.eyJ1aWQiOiIxIiwidGltZVN0YW1wIjoiMjAxOS0wMi0yNyAxNjowNTo0NCJ9.Mjcl3ngRERqjCBOyc34SV327mdUQRX0AX9jsKiTAvic', '2019-02-27 16:05:44', '2019-02-27 16:05:49', '114.143.234.170'),
(55, 'eyJ0eXAiOiJKV1QiLCJhbGciOiJIUzI1NiJ9.eyJ1aWQiOiIxIiwidGltZVN0YW1wIjoiMjAxOS0wMi0yNyAxNjo1NzozMCJ9.92eTC2GdlyKmMgMD1k5i7L4mizTXNuhFFMvQPMMNOxw', '2019-02-27 16:57:30', '2019-02-27 17:01:01', '114.143.234.170'),
(56, 'eyJ0eXAiOiJKV1QiLCJhbGciOiJIUzI1NiJ9.eyJ1aWQiOiIxIiwidGltZVN0YW1wIjoiMjAxOS0wMi0yNyAxNzo0NToyMCJ9.oIcRGBHyUdxG3xCdZ5NMVRLMqs-ksJrwJg9H5y1_rZc', '2019-02-27 17:45:20', '2019-02-27 18:00:37', '114.143.234.170'),
(57, 'eyJ0eXAiOiJKV1QiLCJhbGciOiJIUzI1NiJ9.eyJ1aWQiOiIxIiwidGltZVN0YW1wIjoiMjAxOS0wMi0yNyAyMDoyNzozOCJ9.htSHON-xTGpTL_fP7qLyqTyMby287sSUmtu64Okw4yA', '2019-02-27 20:27:38', '2019-02-27 20:32:36', '114.143.234.170'),
(58, 'eyJ0eXAiOiJKV1QiLCJhbGciOiJIUzI1NiJ9.eyJ1aWQiOiIxIiwidGltZVN0YW1wIjoiMjAxOS0wMi0yNyAyMTowNjoxNCJ9.n9hims30dt5HyYQMkEvSx16C545eIjppSLHHj3KA8SA', '2019-02-27 21:06:14', '2019-02-27 21:17:36', '114.143.234.170'),
(59, 'eyJ0eXAiOiJKV1QiLCJhbGciOiJIUzI1NiJ9.eyJ1aWQiOiIxIiwidGltZVN0YW1wIjoiMjAxOS0wMi0yNyAyMToxMzo1NSJ9.zEwEXLvc3exn2DRh69IJOOt7aGlmQ2IBc-SxRk96U58', '2019-02-27 21:13:55', '2019-02-27 21:17:13', '206.173.106.22'),
(60, 'eyJ0eXAiOiJKV1QiLCJhbGciOiJIUzI1NiJ9.eyJ1aWQiOiIxIiwidGltZVN0YW1wIjoiMjAxOS0wMi0yNyAyMToyODo0OSJ9.iXZ7UXpF8ocJeoaf-s0pCFXMJroXUjA2IRwApsUq2tQ', '2019-02-27 21:28:49', '2019-02-27 21:29:53', '114.143.234.170'),
(61, 'eyJ0eXAiOiJKV1QiLCJhbGciOiJIUzI1NiJ9.eyJ1aWQiOiIxIiwidGltZVN0YW1wIjoiMjAxOS0wMi0yNyAyMTo0ODozNCJ9.PZmwchZ9bwQxNkBg9E3jFtUj_9jmK1a3z5MemLLeOEQ', '2019-02-27 21:48:34', '2019-02-27 21:58:45', '114.143.234.170'),
(62, 'eyJ0eXAiOiJKV1QiLCJhbGciOiJIUzI1NiJ9.eyJ1aWQiOiIxIiwidGltZVN0YW1wIjoiMjAxOS0wMi0yNyAyMjoyNjowMSJ9.sAgJwFtS_aIPGNNP_Q1NFnmRZQzvn9Z1TSoqUv4TsBk', '2019-02-27 22:26:01', '2019-02-27 22:28:24', '114.143.234.170'),
(63, 'eyJ0eXAiOiJKV1QiLCJhbGciOiJIUzI1NiJ9.eyJ1aWQiOiIxIiwidGltZVN0YW1wIjoiMjAxOS0wMi0yOCAxNDoyNjo0MiJ9.IMXmsO2HvVmSnXiYPZUg_smOyMlt8cHBE1RpZcwQqcA', '2019-02-28 14:26:42', '2019-02-28 14:36:28', '114.143.234.170'),
(64, 'eyJ0eXAiOiJKV1QiLCJhbGciOiJIUzI1NiJ9.eyJ1aWQiOiIxIiwidGltZVN0YW1wIjoiMjAxOS0wMi0yOCAxNDo1OToyNCJ9.fd9SUz124MezbOV74LQAPl7Ev0-VPElSASo9D0zfRxk', '2019-02-28 14:59:24', '2019-02-28 15:00:04', '182.74.198.202'),
(65, 'eyJ0eXAiOiJKV1QiLCJhbGciOiJIUzI1NiJ9.eyJ1aWQiOiIxIiwidGltZVN0YW1wIjoiMjAxOS0wMi0yOCAxNTowNzo1NiJ9.qv5hdVaK3R6F_EYuKRAkZjUJkPBhqqCYXhLAin1Eswk', '2019-02-28 15:07:56', '2019-02-28 15:07:57', '182.74.198.202'),
(66, 'eyJ0eXAiOiJKV1QiLCJhbGciOiJIUzI1NiJ9.eyJ1aWQiOiIxIiwidGltZVN0YW1wIjoiMjAxOS0wMi0yOCAxNToxNDo1NSJ9.FpGasVxlkx9Zr7GKEbRiquWWB94tBefZHuadSnnP7Ys', '2019-02-28 15:14:55', '2019-02-28 15:21:20', '182.74.198.202'),
(67, 'eyJ0eXAiOiJKV1QiLCJhbGciOiJIUzI1NiJ9.eyJ1aWQiOiIxIiwidGltZVN0YW1wIjoiMjAxOS0wMi0yOCAxNTo1Mjo0OSJ9.1k8k8Pu-eTe5HJIehCbZ-QENtqayLJ28ZidrkNJGGh0', '2019-02-28 15:52:49', '2019-02-28 16:06:07', '182.74.198.202'),
(68, 'eyJ0eXAiOiJKV1QiLCJhbGciOiJIUzI1NiJ9.eyJ1aWQiOiIxIiwidGltZVN0YW1wIjoiMjAxOS0wMi0yOCAxNjowNzoxMCJ9.52rMGQabhCc4H6-f-zdQ1nOb0SvVsZ44vlAznp8-f1w', '2019-02-28 16:07:10', '2019-02-28 16:13:54', '182.74.198.202'),
(69, 'eyJ0eXAiOiJKV1QiLCJhbGciOiJIUzI1NiJ9.eyJ1aWQiOiIxIiwidGltZVN0YW1wIjoiMjAxOS0wMi0yOCAxNjoxNjowMyJ9.qVJr0BrwQulV-64rWCTSWj739LpJlbPwmnwA-lJS3eU', '2019-02-28 16:16:03', '2019-02-28 16:16:05', '182.74.198.202'),
(70, 'eyJ0eXAiOiJKV1QiLCJhbGciOiJIUzI1NiJ9.eyJ1aWQiOiIxIiwidGltZVN0YW1wIjoiMjAxOS0wMi0yOCAxNjoxNzozOCJ9.2pW9rqD4wBNVEajDcB-a3MnMEGWSLfbV10mUT4VNJpI', '2019-02-28 16:17:38', '2019-02-28 16:18:06', '182.74.198.202'),
(71, 'eyJ0eXAiOiJKV1QiLCJhbGciOiJIUzI1NiJ9.eyJ1aWQiOiIxIiwidGltZVN0YW1wIjoiMjAxOS0wMi0yOCAxNjoyMToxNCJ9.Q3aZV6BvjNq1HWOgEmbi6YBuIaCX99vZWYhOe6k0aC8', '2019-02-28 16:21:14', '2019-02-28 16:21:15', '182.74.198.202'),
(72, 'eyJ0eXAiOiJKV1QiLCJhbGciOiJIUzI1NiJ9.eyJ1aWQiOiIxIiwidGltZVN0YW1wIjoiMjAxOS0wMi0yOCAxODoxMToyOCJ9.6m88TeBRF3bi9uonYHclJHVd0-6440xBG60uT7quc68', '2019-02-28 18:11:28', '2019-02-28 18:33:27', '182.74.198.202'),
(73, 'eyJ0eXAiOiJKV1QiLCJhbGciOiJIUzI1NiJ9.eyJ1aWQiOiIxIiwidGltZVN0YW1wIjoiMjAxOS0wMi0yOCAxODoyNDozMiJ9.CgLKzl2c0czLFRu_iYKmPGIwm7whNP6PObT7fGngI4s', '2019-02-28 18:24:32', '2019-02-28 18:26:19', '73.246.34.111'),
(74, 'eyJ0eXAiOiJKV1QiLCJhbGciOiJIUzI1NiJ9.eyJ1aWQiOiIxIiwidGltZVN0YW1wIjoiMjAxOS0wMi0yOCAxODo0NTowNSJ9.zQXFINezUOBiwAzalZ_MdTFiNXXuE_LWszq6kLRApec', '2019-02-28 18:45:05', '2019-02-28 18:45:06', '114.143.234.170'),
(75, 'eyJ0eXAiOiJKV1QiLCJhbGciOiJIUzI1NiJ9.eyJ1aWQiOiIxIiwidGltZVN0YW1wIjoiMjAxOS0wMi0yOCAxODo0NToyNyJ9.iHha8q5OmZB0T0biwBPY_4etoWoW6-6g6H-sSHDYzmw', '2019-02-28 18:45:27', '2019-02-28 18:45:28', '114.143.234.170'),
(76, 'eyJ0eXAiOiJKV1QiLCJhbGciOiJIUzI1NiJ9.eyJ1aWQiOiIxIiwidGltZVN0YW1wIjoiMjAxOS0wMi0yOCAxODo0NTo0NCJ9.WP1tZLpXtBNjiSfoetayIk8xiBdLMf2VbcW1feARP04', '2019-02-28 18:45:44', '2019-02-28 18:57:52', '182.74.198.202'),
(77, 'eyJ0eXAiOiJKV1QiLCJhbGciOiJIUzI1NiJ9.eyJ1aWQiOiIxIiwidGltZVN0YW1wIjoiMjAxOS0wMi0yOCAxOTowMTo1MSJ9.Tq5AyoQ2PWl7TxDmo57X0KbfV-L7UrByMcd61u7-guk', '2019-02-28 19:01:51', '2019-02-28 19:01:51', '182.74.198.202'),
(78, 'eyJ0eXAiOiJKV1QiLCJhbGciOiJIUzI1NiJ9.eyJ1aWQiOiIxIiwidGltZVN0YW1wIjoiMjAxOS0wMi0yOCAyMToxNTozNSJ9.RXdjTjmUOYqDqworppnT15x6WCU38yRHfv_TZSbXTlI', '2019-02-28 21:15:35', '2019-02-28 21:26:05', '114.143.234.170'),
(79, 'eyJ0eXAiOiJKV1QiLCJhbGciOiJIUzI1NiJ9.eyJ1aWQiOiIxIiwidGltZVN0YW1wIjoiMjAxOS0wMi0yOCAyMToyNTo0NiJ9.Epk2sDXsP3RL6sQ8OJInevcnQE-aiN1eYWIsR5WJK5o', '2019-02-28 21:25:46', '2019-02-28 21:25:46', '73.246.34.111'),
(80, 'eyJ0eXAiOiJKV1QiLCJhbGciOiJIUzI1NiJ9.eyJ1aWQiOiIxIiwidGltZVN0YW1wIjoiMjAxOS0wMi0yOCAyMToyNzo1NCJ9.sR4dXsxLA9IUAKZUU22cDuCeTdVlGnjkyytXS5RbXWo', '2019-02-28 21:27:54', '2019-02-28 22:12:22', '114.143.234.170'),
(81, 'eyJ0eXAiOiJKV1QiLCJhbGciOiJIUzI1NiJ9.eyJ1aWQiOiIzNiIsInRpbWVTdGFtcCI6IjIwMTktMDItMjggMjE6NDY6MTcifQ.muBkjt6KQcHJLg7XEdCTO1kn9vKHK1AtgFIaUIFvHh8', '2019-02-28 21:46:17', '2019-02-28 21:48:22', '182.74.198.202'),
(82, 'eyJ0eXAiOiJKV1QiLCJhbGciOiJIUzI1NiJ9.eyJ1aWQiOiIzNiIsInRpbWVTdGFtcCI6IjIwMTktMDItMjggMjI6MTE6MTUifQ.g_e29xmo-PgSl6T1hx5Zwx8nesIPA9_IG0AvyczxJH8', '2019-02-28 22:11:15', '2019-02-28 22:12:00', '182.74.198.202'),
(83, 'eyJ0eXAiOiJKV1QiLCJhbGciOiJIUzI1NiJ9.eyJ1aWQiOiIxIiwidGltZVN0YW1wIjoiMjAxOS0wMi0yOCAyMjoxMjowMyJ9.jn3qNbmFLOlgOWgtXWc_RrG52-3q6mJ3PwKus-fj15Q', '2019-02-28 22:12:03', '2019-02-28 22:12:08', '114.143.234.170'),
(84, 'eyJ0eXAiOiJKV1QiLCJhbGciOiJIUzI1NiJ9.eyJ1aWQiOiIzOCIsInRpbWVTdGFtcCI6IjIwMTktMDItMjggMjI6MTY6NTEifQ.rivPRVY5SVJGvpGz90hqB9je4dY2DFz9CgtvSsnYoOs', '2019-02-28 22:16:51', '2019-02-28 22:24:36', '182.74.198.202'),
(85, 'eyJ0eXAiOiJKV1QiLCJhbGciOiJIUzI1NiJ9.eyJ1aWQiOiIzOSIsInRpbWVTdGFtcCI6IjIwMTktMDItMjggMjI6MjI6NTIifQ.7Kw-PAKjPaTQZBbYnl4uCOMRolocs0A2kMLs1n1ukbg', '2019-02-28 22:22:52', '2019-02-28 22:23:00', '114.143.234.170'),
(86, 'eyJ0eXAiOiJKV1QiLCJhbGciOiJIUzI1NiJ9.eyJ1aWQiOiIzOSIsInRpbWVTdGFtcCI6IjIwMTktMDItMjggMjI6MjM6NDkifQ.Wf4hHnKoIHyRJN5xbroilVTVJA_DTj_Oh-W06BeCDNM', '2019-02-28 22:23:49', '2019-02-28 22:30:54', '114.143.234.170'),
(87, 'eyJ0eXAiOiJKV1QiLCJhbGciOiJIUzI1NiJ9.eyJ1aWQiOiIxIiwidGltZVN0YW1wIjoiMjAxOS0wMi0yOCAyMjo0MTo1MCJ9.vi1Rg95dqnepm3pfWJMqIJu2lMha-Noc1nQTEQ_Fbbc', '2019-02-28 22:41:50', '2019-02-28 22:50:34', '114.143.234.170'),
(88, 'eyJ0eXAiOiJKV1QiLCJhbGciOiJIUzI1NiJ9.eyJ1aWQiOiIxIiwidGltZVN0YW1wIjoiMjAxOS0wMi0yOCAyMjo0NTo0NCJ9.77dcbcj3iFwKqp_ciAdzUvEYzz3ozL9NwtaIX4_HgfE', '2019-02-28 22:45:44', '2019-02-28 22:45:44', '114.143.234.170'),
(89, 'eyJ0eXAiOiJKV1QiLCJhbGciOiJIUzI1NiJ9.eyJ1aWQiOiIzOSIsInRpbWVTdGFtcCI6IjIwMTktMDItMjggMjI6NTk6NTkifQ.87h4Um8B7yqfeNytGLATTsWyDf0pWs1rqTKe_AHhoVQ', '2019-02-28 22:59:59', '2019-02-28 22:59:59', '114.143.234.170'),
(90, 'eyJ0eXAiOiJKV1QiLCJhbGciOiJIUzI1NiJ9.eyJ1aWQiOiI0MCIsInRpbWVTdGFtcCI6IjIwMTktMDItMjggMjM6MDA6MjEifQ.fdvGZvPeglpMVdzj0-5wTcZfJqpMO5cDsq4F8IqqDCQ', '2019-02-28 23:00:21', '2019-02-28 23:00:22', '114.143.234.170'),
(91, 'eyJ0eXAiOiJKV1QiLCJhbGciOiJIUzI1NiJ9.eyJ1aWQiOiI0MSIsInRpbWVTdGFtcCI6IjIwMTktMDItMjggMjM6MDA6MzkifQ.TGwaM6vLxGuTIZdz4KggD7fRXj0A4FM8cx7lKei3UCE', '2019-02-28 23:00:39', '2019-02-28 23:00:40', '114.143.234.170'),
(92, 'eyJ0eXAiOiJKV1QiLCJhbGciOiJIUzI1NiJ9.eyJ1aWQiOiI0MiIsInRpbWVTdGFtcCI6IjIwMTktMDItMjggMjM6MDA6NTgifQ.tv57owm8fL7ttkUd_GEDB1gaI6HiDYFrHolknhXe9VA', '2019-02-28 23:00:58', '2019-02-28 23:00:59', '114.143.234.170'),
(93, 'eyJ0eXAiOiJKV1QiLCJhbGciOiJIUzI1NiJ9.eyJ1aWQiOiI0MyIsInRpbWVTdGFtcCI6IjIwMTktMDItMjggMjM6MDE6MjUifQ.HSZ9kPyeKe1bIk22pT8dnJ-DWo8tHda3Ue8NglQ45U0', '2019-02-28 23:01:25', '2019-02-28 23:01:52', '114.143.234.170'),
(94, 'eyJ0eXAiOiJKV1QiLCJhbGciOiJIUzI1NiJ9.eyJ1aWQiOiIxIiwidGltZVN0YW1wIjoiMjAxOS0wMi0yOCAyMzowMjowMiJ9.tlbazMI49l-e_CMxjEH2amCFqmzwsrPCT42XPjygSVI', '2019-02-28 23:02:02', '2019-02-28 23:04:26', '114.143.234.170'),
(95, 'eyJ0eXAiOiJKV1QiLCJhbGciOiJIUzI1NiJ9.eyJ1aWQiOiI0MSIsInRpbWVTdGFtcCI6IjIwMTktMDItMjggMjM6MDQ6NDcifQ.4lqeuzmYDf-fO3ayaldJWuBlgR3oB6wgKs0pxktJdYU', '2019-02-28 23:04:47', '2019-02-28 23:04:51', '114.143.234.170'),
(96, 'eyJ0eXAiOiJKV1QiLCJhbGciOiJIUzI1NiJ9.eyJ1aWQiOiIzOSIsInRpbWVTdGFtcCI6IjIwMTktMDItMjggMjM6MDk6MzEifQ.gFY4qKRSqNWXK29gFqM3UoektaGGbnyILcbHDl4Ye5E', '2019-02-28 23:09:31', '2019-02-28 23:12:01', '114.143.234.170'),
(97, 'eyJ0eXAiOiJKV1QiLCJhbGciOiJIUzI1NiJ9.eyJ1aWQiOiIxIiwidGltZVN0YW1wIjoiMjAxOS0wMi0yOCAyMzoxMjowOCJ9.DKj7WKBvdiMsY20gO0zYQhRwUoD6weehE6mlb5i3U1Q', '2019-02-28 23:12:08', '2019-02-28 23:12:17', '114.143.234.170'),
(98, 'eyJ0eXAiOiJKV1QiLCJhbGciOiJIUzI1NiJ9.eyJ1aWQiOiIxIiwidGltZVN0YW1wIjoiMjAxOS0wMi0yOCAyMzoxODowMiJ9.44Zi3WjQrl3jIplO0X2X_daOP1hGAkiTUmSh9F4W12w', '2019-02-28 23:18:02', '2019-02-28 23:18:03', '114.143.234.170'),
(99, 'eyJ0eXAiOiJKV1QiLCJhbGciOiJIUzI1NiJ9.eyJ1aWQiOiIzNyIsInRpbWVTdGFtcCI6IjIwMTktMDMtMDEgMDA6MTg6MTUifQ.U95DPqxvtm6z7c2bf_s1Qk4uNY3N5ODzpnW_ex0MwYw', '2019-03-01 00:18:15', '2019-03-01 00:19:33', '182.74.198.202'),
(100, 'eyJ0eXAiOiJKV1QiLCJhbGciOiJIUzI1NiJ9.eyJ1aWQiOiIzNyIsInRpbWVTdGFtcCI6IjIwMTktMDMtMDEgMDA6NDA6NTcifQ.L5mf9kGCprBUUT7jSqJ29HeX-jEO_otIw9iWV6Hj2qs', '2019-03-01 00:40:57', '2019-03-01 00:41:00', '182.74.198.202'),
(101, 'eyJ0eXAiOiJKV1QiLCJhbGciOiJIUzI1NiJ9.eyJ1aWQiOiIzOCIsInRpbWVTdGFtcCI6IjIwMTktMDMtMDEgMTQ6Mjk6NDMifQ.bXumpdbzcj3dHq1ojbFYa04YzDu-Rue-s19DedZWEdA', '2019-03-01 14:29:43', '2019-03-01 14:30:59', '182.74.198.202'),
(102, 'eyJ0eXAiOiJKV1QiLCJhbGciOiJIUzI1NiJ9.eyJ1aWQiOiIzNiIsInRpbWVTdGFtcCI6IjIwMTktMDMtMDEgMTQ6MzE6NDcifQ.vIapRPunBt1WhvcHr2pz6kFYWJZSyxbsdEa3eqlwq58', '2019-03-01 14:31:47', '2019-03-01 14:49:28', '182.74.198.202'),
(103, 'eyJ0eXAiOiJKV1QiLCJhbGciOiJIUzI1NiJ9.eyJ1aWQiOiIzNyIsInRpbWVTdGFtcCI6IjIwMTktMDMtMDEgMTQ6NTQ6MDQifQ.oA8bxMgWgAOHfhtAiHWrqRgwBLsqs5WBZMyGwmB3uug', '2019-03-01 14:54:04', '2019-03-01 14:54:50', '182.74.198.202'),
(104, 'eyJ0eXAiOiJKV1QiLCJhbGciOiJIUzI1NiJ9.eyJ1aWQiOiIzOCIsInRpbWVTdGFtcCI6IjIwMTktMDMtMDEgMTQ6NTQ6MTQifQ.Svto7zp8Eee4l3HvHIJGBVEU8ix-to26iNSYhwnkLEA', '2019-03-01 14:54:14', '2019-03-01 15:22:09', '182.74.198.202'),
(105, 'eyJ0eXAiOiJKV1QiLCJhbGciOiJIUzI1NiJ9.eyJ1aWQiOiIzNyIsInRpbWVTdGFtcCI6IjIwMTktMDMtMDEgMTQ6NTU6NDkifQ.rtxRgjHpEW7xmdqUI8jCS9jS7V55sJsyUMq2Q29eb6A', '2019-03-01 14:55:49', '2019-03-01 15:26:38', '182.74.198.202'),
(106, 'eyJ0eXAiOiJKV1QiLCJhbGciOiJIUzI1NiJ9.eyJ1aWQiOiIxIiwidGltZVN0YW1wIjoiMjAxOS0wMy0wMSAxNTowMTo1NCJ9.XqYMb7ydjgeZBHIe-pbDh5jpmhXFUq21fw-PtfPcdyU', '2019-03-01 15:01:54', '2019-03-01 15:02:03', '114.143.234.170'),
(107, 'eyJ0eXAiOiJKV1QiLCJhbGciOiJIUzI1NiJ9.eyJ1aWQiOiIxIiwidGltZVN0YW1wIjoiMjAxOS0wMy0wMSAxNTowODoyMyJ9.Wbduj53WnmW0VU50BJQUwN5HSrlktwaoPuT2o2ksjxI', '2019-03-01 15:08:23', '2019-03-01 15:08:30', '114.143.234.170'),
(108, 'eyJ0eXAiOiJKV1QiLCJhbGciOiJIUzI1NiJ9.eyJ1aWQiOiIzNiIsInRpbWVTdGFtcCI6IjIwMTktMDMtMDEgMTU6MTE6NTkifQ.fGJehlRR483FKAyzjeqesZdhyIivG-R3iUhCHl4Z4HU', '2019-03-01 15:11:59', '2019-03-01 15:33:00', '182.74.198.202'),
(109, 'eyJ0eXAiOiJKV1QiLCJhbGciOiJIUzI1NiJ9.eyJ1aWQiOiIxIiwidGltZVN0YW1wIjoiMjAxOS0wMy0wMSAxNToxMzozNiJ9.jU3QSWjRSRXWRrFVtIo6SScSsdQbvosZxznMXFMkyOU', '2019-03-01 15:13:36', '2019-03-01 15:13:36', '114.143.234.170'),
(110, 'eyJ0eXAiOiJKV1QiLCJhbGciOiJIUzI1NiJ9.eyJ1aWQiOiIzNiIsInRpbWVTdGFtcCI6IjIwMTktMDMtMDEgMTU6NTk6MzEifQ.YfMeSB8Dq_p5WK8LmF5-TDCY2gRt9sDFf3_ROAF7y0s', '2019-03-01 15:59:31', '2019-03-01 16:01:01', '182.74.198.202'),
(111, 'eyJ0eXAiOiJKV1QiLCJhbGciOiJIUzI1NiJ9.eyJ1aWQiOiIzNiIsInRpbWVTdGFtcCI6IjIwMTktMDMtMDEgMTY6MDI6MzAifQ.hTmx1y26l2bjfj3PJNWxudRR6gxPMu0h6AmGIEWrWBM', '2019-03-01 16:02:30', '2019-03-01 16:18:42', '182.74.198.202'),
(112, 'eyJ0eXAiOiJKV1QiLCJhbGciOiJIUzI1NiJ9.eyJ1aWQiOiIxIiwidGltZVN0YW1wIjoiMjAxOS0wMy0wMSAxNjo1ODo1OCJ9.q6gdrHYGGZ-wPICf7mTHbJ9m4zrOh7KbnHU5-mwQJQY', '2019-03-01 16:58:58', '2019-03-01 16:59:28', '114.143.234.170'),
(113, 'eyJ0eXAiOiJKV1QiLCJhbGciOiJIUzI1NiJ9.eyJ1aWQiOiIzNiIsInRpbWVTdGFtcCI6IjIwMTktMDMtMDEgMTc6MDA6MjEifQ.YZdPHd23FwjBirY30wf_os_WnGym17Kt8IefK0g9g7w', '2019-03-01 17:00:21', '2019-03-01 17:13:05', '182.74.198.202'),
(114, 'eyJ0eXAiOiJKV1QiLCJhbGciOiJIUzI1NiJ9.eyJ1aWQiOiIxIiwidGltZVN0YW1wIjoiMjAxOS0wMy0wMSAyMToyNzo1MSJ9.gWolXpRJ_p4oQRX84ZCIrqO1nWikXGxmSTkzKMVTjEk', '2019-03-01 21:27:51', '2019-03-01 21:32:36', '114.143.234.170'),
(115, 'eyJ0eXAiOiJKV1QiLCJhbGciOiJIUzI1NiJ9.eyJ1aWQiOiIxIiwidGltZVN0YW1wIjoiMjAxOS0wMy0wMSAyMTozNzozNCJ9.NEP8gF6p_0NqD58tw5Wl0UCYXzzXtc_bLCl4kJG2WHs', '2019-03-01 21:37:34', '2019-03-01 21:55:45', '114.143.234.170'),
(116, 'eyJ0eXAiOiJKV1QiLCJhbGciOiJIUzI1NiJ9.eyJ1aWQiOiIzOCIsInRpbWVTdGFtcCI6IjIwMTktMDMtMDEgMjE6NDg6MjIifQ.Z_qeoS50ihwK40waeIQC6x4spfBb7UMVjU1EFNVYetE', '2019-03-01 21:48:22', '2019-03-01 21:50:15', '182.74.198.202'),
(117, 'eyJ0eXAiOiJKV1QiLCJhbGciOiJIUzI1NiJ9.eyJ1aWQiOiIzOSIsInRpbWVTdGFtcCI6IjIwMTktMDMtMDEgMjE6NTY6MTIifQ.y_dxyR56JoQ3769gz3ycBQ1rAkAh6maridMp7BFc52E', '2019-03-01 21:56:12', '2019-03-01 22:01:22', '114.143.234.170'),
(118, 'eyJ0eXAiOiJKV1QiLCJhbGciOiJIUzI1NiJ9.eyJ1aWQiOiIxIiwidGltZVN0YW1wIjoiMjAxOS0wMy0wMSAyMjowNjo0MSJ9.4TK7vPlTQ5aFOIm2PnKgzBJYylIXfUNhcJ1BaSSTDY8', '2019-03-01 22:06:41', '2019-03-01 22:11:13', '114.143.234.170'),
(119, 'eyJ0eXAiOiJKV1QiLCJhbGciOiJIUzI1NiJ9.eyJ1aWQiOiIzOSIsInRpbWVTdGFtcCI6IjIwMTktMDMtMDEgMjM6MDg6NTEifQ.FVqTSo1yNGY28lWBjw0pAjLDbLkGj9ZL9tOEjjRqODo', '2019-03-01 23:08:51', '2019-03-01 23:19:05', '73.50.61.96'),
(120, 'eyJ0eXAiOiJKV1QiLCJhbGciOiJIUzI1NiJ9.eyJ1aWQiOiIxIiwidGltZVN0YW1wIjoiMjAxOS0wMy0wMSAyMzoxMDoxNyJ9.zlEUBRSC0ewBZTXToOCMd9QktinXH-THnyoGoDU0CYQ', '2019-03-01 23:10:17', '2019-03-01 23:14:44', '114.143.234.170'),
(121, 'eyJ0eXAiOiJKV1QiLCJhbGciOiJIUzI1NiJ9.eyJ1aWQiOiIzOSIsInRpbWVTdGFtcCI6IjIwMTktMDMtMDEgMjM6MTk6NTUifQ.ZiS3yH0igdh_5rw5MzrpIX5-1mE5j5sc3IAGpem_wEE', '2019-03-01 23:19:55', '2019-03-01 23:32:45', '73.50.61.96'),
(122, 'eyJ0eXAiOiJKV1QiLCJhbGciOiJIUzI1NiJ9.eyJ1aWQiOiIzOCIsInRpbWVTdGFtcCI6IjIwMTktMDMtMDEgMjM6Mjg6MjkifQ.RWps1ntdvRruaPuwuYBWj7z6zBaRbqsgM9FWa57dyXI', '2019-03-01 23:28:29', '2019-03-01 23:28:32', '182.74.198.202'),
(123, 'eyJ0eXAiOiJKV1QiLCJhbGciOiJIUzI1NiJ9.eyJ1aWQiOiIzNyIsInRpbWVTdGFtcCI6IjIwMTktMDMtMDEgMjM6NDE6NTkifQ.IQXYLSij-PTNawpYhCZ_5hnRjXRdsp_G8noLX_TbDgM', '2019-03-01 23:41:59', '2019-03-01 23:42:03', '182.74.198.202'),
(124, 'eyJ0eXAiOiJKV1QiLCJhbGciOiJIUzI1NiJ9.eyJ1aWQiOiIzNyIsInRpbWVTdGFtcCI6IjIwMTktMDMtMDIgMDA6NTg6NTgifQ.WEyMgorCEFES2LzU9amoSOHBVRAEQjTnyaHNTkvx1dI', '2019-03-02 00:58:58', '2019-03-02 01:00:28', '182.74.198.202'),
(125, 'eyJ0eXAiOiJKV1QiLCJhbGciOiJIUzI1NiJ9.eyJ1aWQiOiIzOCIsInRpbWVTdGFtcCI6IjIwMTktMDMtMDQgMTQ6NTk6MTYifQ.iM4kIxzeG5QDIxoOt_nyjG-jMa-nC9DNnq6ljW6vcQ0', '2019-03-04 14:59:16', '2019-03-04 14:59:34', '182.74.198.202'),
(126, 'eyJ0eXAiOiJKV1QiLCJhbGciOiJIUzI1NiJ9.eyJ1aWQiOiIxIiwidGltZVN0YW1wIjoiMjAxOS0wMy0wNCAxNTowMjoyMyJ9.p8KvBHZHANs_ed7Bf8tXIPqbJnYgvDSm41_3EnihuQU', '2019-03-04 15:02:23', '2019-03-04 15:02:24', '114.143.234.170'),
(127, 'eyJ0eXAiOiJKV1QiLCJhbGciOiJIUzI1NiJ9.eyJ1aWQiOiIzOCIsInRpbWVTdGFtcCI6IjIwMTktMDMtMDQgMTU6MjE6MTgifQ.c5bq3-Ut8mK5NgMx-tvdO6tVA5mwON4F_m0T88o5OBY', '2019-03-04 15:21:18', '2019-03-04 15:22:29', '182.74.198.202'),
(128, 'eyJ0eXAiOiJKV1QiLCJhbGciOiJIUzI1NiJ9.eyJ1aWQiOiIxIiwidGltZVN0YW1wIjoiMjAxOS0wMy0wNCAxNzoxNzoyMiJ9.m5WtqiPELzgq3aH2U1HTVN-UmGIV79nxlxU6P-6deX4', '2019-03-04 17:17:22', '2019-03-04 17:18:24', '114.143.234.170'),
(129, 'eyJ0eXAiOiJKV1QiLCJhbGciOiJIUzI1NiJ9.eyJ1aWQiOiIzOCIsInRpbWVTdGFtcCI6IjIwMTktMDMtMDQgMTg6Mjg6NTMifQ.JUaemuPu4exIffxmNP0iI95YB0wRQO0nJlwe5t3Ko8k', '2019-03-04 18:28:53', '2019-03-04 18:28:56', '182.74.198.202'),
(130, 'eyJ0eXAiOiJKV1QiLCJhbGciOiJIUzI1NiJ9.eyJ1aWQiOiIxIiwidGltZVN0YW1wIjoiMjAxOS0wMy0wNCAxOTo1NjowNCJ9.hsfAf0i8ROyij3v-ensk-Scxi3la99UqUSycfrARi04', '2019-03-04 19:56:04', '2019-03-04 20:14:51', '114.143.234.170'),
(131, 'eyJ0eXAiOiJKV1QiLCJhbGciOiJIUzI1NiJ9.eyJ1aWQiOiIxIiwidGltZVN0YW1wIjoiMjAxOS0wMy0wNCAyMDoxMDozMyJ9.5_wxWLkfCKlroq-QRBhKZmbO1Z5Q4wCtSmjAq1lr1ZM', '2019-03-04 20:10:33', '2019-03-04 20:15:29', '114.143.234.170'),
(132, 'eyJ0eXAiOiJKV1QiLCJhbGciOiJIUzI1NiJ9.eyJ1aWQiOiIxIiwidGltZVN0YW1wIjoiMjAxOS0wMy0wNCAyMDoyNjo1OCJ9.iIMoD9nSGEYBPiwRXv1QlMJbtrCNLvxELnwChI99bx4', '2019-03-04 20:26:58', '2019-03-04 20:35:50', '114.143.234.170'),
(133, 'eyJ0eXAiOiJKV1QiLCJhbGciOiJIUzI1NiJ9.eyJ1aWQiOiIxIiwidGltZVN0YW1wIjoiMjAxOS0wMy0wNCAyMTo1NzoyMCJ9.nPrYHvmzn9xuURJRXnGTlZCWlBZUNL2JxcG3B4Y2tNw', '2019-03-04 21:57:20', '2019-03-04 22:16:38', '114.143.234.170'),
(134, 'eyJ0eXAiOiJKV1QiLCJhbGciOiJIUzI1NiJ9.eyJ1aWQiOiIxIiwidGltZVN0YW1wIjoiMjAxOS0wMy0wNCAyMjozMDo0MCJ9.02O8iT3ZTGNotQZOh0_-Uwg4ImmOhmGrj_TLfl_vW-E', '2019-03-04 22:30:40', '2019-03-04 22:33:35', '114.143.234.170'),
(135, 'eyJ0eXAiOiJKV1QiLCJhbGciOiJIUzI1NiJ9.eyJ1aWQiOiIxIiwidGltZVN0YW1wIjoiMjAxOS0wMy0wNSAxNToxNjoyMiJ9.BByHju4rNZZb04f8F4RNMXmQkvuDT2pizcFt9a5q3U0', '2019-03-05 15:16:22', '2019-03-05 15:16:28', '114.143.234.170'),
(136, 'eyJ0eXAiOiJKV1QiLCJhbGciOiJIUzI1NiJ9.eyJ1aWQiOiIzOSIsInRpbWVTdGFtcCI6IjIwMTktMDMtMDUgMTU6Mjk6MzAifQ.dJowmufo4jWaCBayz3oJxo9sS2aJskPF0KSszJvnKJE', '2019-03-05 15:29:30', '2019-03-05 15:35:38', '114.143.234.170'),
(137, 'eyJ0eXAiOiJKV1QiLCJhbGciOiJIUzI1NiJ9.eyJ1aWQiOiIxIiwidGltZVN0YW1wIjoiMjAxOS0wMy0wNSAxNzo1NjowNyJ9.925S7wA1Ce3T0Jw3hV2U4XV5h8bK4Nj9UqpNOMplsMs', '2019-03-05 17:56:07', '2019-03-05 18:02:59', '182.74.198.202'),
(138, 'eyJ0eXAiOiJKV1QiLCJhbGciOiJIUzI1NiJ9.eyJ1aWQiOiIxIiwidGltZVN0YW1wIjoiMjAxOS0wMy0wNSAxODoxNTo0MyJ9.1yowLdLrqUWulknQADxDHuRCjsYiLpJbzjVhQP20oww', '2019-03-05 18:15:43', '2019-03-05 18:15:44', '114.143.234.170'),
(139, 'eyJ0eXAiOiJKV1QiLCJhbGciOiJIUzI1NiJ9.eyJ1aWQiOiIxIiwidGltZVN0YW1wIjoiMjAxOS0wMy0wNSAxODoxNjoyMSJ9.9nWR1SmGryRSozGNGN7wWGwXpAIcl3RA0U_KI-yNYo8', '2019-03-05 18:16:21', '2019-03-05 18:16:21', '114.143.234.170'),
(140, 'eyJ0eXAiOiJKV1QiLCJhbGciOiJIUzI1NiJ9.eyJ1aWQiOiIxIiwidGltZVN0YW1wIjoiMjAxOS0wMy0wNSAxODoxNzo0OCJ9.3ZLrdq_JpP8DtR2yZrQQN6MrcPTX-5tNnhIrlpI1NC8', '2019-03-05 18:17:48', '2019-03-05 18:17:49', '114.143.234.170'),
(141, 'eyJ0eXAiOiJKV1QiLCJhbGciOiJIUzI1NiJ9.eyJ1aWQiOiIxIiwidGltZVN0YW1wIjoiMjAxOS0wMy0wNSAxODoxODowOCJ9.mky_9bjp88OJ2MGkNbAsZIHUQkTP4ABPTd0i6C8KUxU', '2019-03-05 18:18:08', '2019-03-05 18:18:09', '114.143.234.170'),
(142, 'eyJ0eXAiOiJKV1QiLCJhbGciOiJIUzI1NiJ9.eyJ1aWQiOiIxIiwidGltZVN0YW1wIjoiMjAxOS0wMy0wNSAxODozNzowNyJ9.y6yBtEcF0ZVSypvgQrIFhEJSKmgNlsprZHx3R7moeyM', '2019-03-05 18:37:07', '2019-03-05 18:37:09', '182.74.198.202'),
(143, 'eyJ0eXAiOiJKV1QiLCJhbGciOiJIUzI1NiJ9.eyJ1aWQiOiIxIiwidGltZVN0YW1wIjoiMjAxOS0wMy0wNSAyMToyMjoxMSJ9.1mPQ5HWSCT3_qKm46kvuyIkTgCA-MktQKg6F6yjwQzg', '2019-03-05 21:22:11', '2019-03-05 21:30:44', '114.143.234.170'),
(144, 'eyJ0eXAiOiJKV1QiLCJhbGciOiJIUzI1NiJ9.eyJ1aWQiOiIxIiwidGltZVN0YW1wIjoiMjAxOS0wMy0wNSAyMTo1Mzo1MCJ9.Ux5trdCvw9QPis4W9t5B6Ty9danQsOky4SZ0jzoAH1I', '2019-03-05 21:53:50', '2019-03-05 22:17:19', '114.143.234.170'),
(145, 'eyJ0eXAiOiJKV1QiLCJhbGciOiJIUzI1NiJ9.eyJ1aWQiOiIxIiwidGltZVN0YW1wIjoiMjAxOS0wMy0wNSAyMjoyNTozOCJ9.CpIZKjaQ5RGShhkps0Ex-LCaLS3Jyj37iDgKIOvWpFI', '2019-03-05 22:25:38', '2019-03-05 22:34:03', '114.143.234.170'),
(146, 'eyJ0eXAiOiJKV1QiLCJhbGciOiJIUzI1NiJ9.eyJ1aWQiOiIxIiwidGltZVN0YW1wIjoiMjAxOS0wMy0wNSAyMjo1NDozOSJ9.7cAsd39UiowGnCTkgf1y_zir4SIc8sTfxv8HXntzyMA', '2019-03-05 22:54:39', '2019-03-05 23:02:19', '114.143.234.170'),
(147, 'eyJ0eXAiOiJKV1QiLCJhbGciOiJIUzI1NiJ9.eyJ1aWQiOiIxIiwidGltZVN0YW1wIjoiMjAxOS0wMy0wNiAxOTo0Njo1NiJ9._4wUnXpv0v-tJdQlP4RwYFC6stOKiB7IrbN5LU48MvY', '2019-03-06 19:46:56', '2019-03-06 19:48:19', '114.143.234.170'),
(148, 'eyJ0eXAiOiJKV1QiLCJhbGciOiJIUzI1NiJ9.eyJ1aWQiOiIyNyIsInRpbWVTdGFtcCI6IjIwMTktMDMtMDYgMTk6NDk6MjUifQ.5kjUeI1bs3hoZCB1ezKlnuk2ZfZG-hSQEU4dZGcG2cc', '2019-03-06 19:49:25', '2019-03-06 19:51:16', '114.143.234.170'),
(149, 'eyJ0eXAiOiJKV1QiLCJhbGciOiJIUzI1NiJ9.eyJ1aWQiOiIzOSIsInRpbWVTdGFtcCI6IjIwMTktMDMtMDYgMTk6NTE6MzMifQ.a-BQqFZw4vupXbuXTdAtdJDuSamLCzCi-sLpRRvNMp0', '2019-03-06 19:51:33', '2019-03-06 19:54:09', '114.143.234.170'),
(150, 'eyJ0eXAiOiJKV1QiLCJhbGciOiJIUzI1NiJ9.eyJ1aWQiOiIxIiwidGltZVN0YW1wIjoiMjAxOS0wMy0wNiAyMDowNzozOSJ9.yYvMYQz_4RMB2rhRlUE1hw3R37uIbtEDE1EOxML12Pc', '2019-03-06 20:07:39', '2019-03-06 20:09:28', '114.143.234.170'),
(151, 'eyJ0eXAiOiJKV1QiLCJhbGciOiJIUzI1NiJ9.eyJ1aWQiOiIzOSIsInRpbWVTdGFtcCI6IjIwMTktMDMtMDYgMjA6MDk6NTEifQ.ogCqB4IzQxixs0ElBn6rdX3EchyYms-F9uRaNaIHBrI', '2019-03-06 20:09:51', '2019-03-06 20:10:16', '114.143.234.170'),
(152, 'eyJ0eXAiOiJKV1QiLCJhbGciOiJIUzI1NiJ9.eyJ1aWQiOiIxIiwidGltZVN0YW1wIjoiMjAxOS0wMy0wNiAyMDoxMTowOCJ9.uw3gp-mU41e9JtODv88xHwkDscFSTwd1BjWYn9Md7DA', '2019-03-06 20:11:08', '2019-03-06 20:48:31', '114.143.234.170'),
(153, 'eyJ0eXAiOiJKV1QiLCJhbGciOiJIUzI1NiJ9.eyJ1aWQiOiIxIiwidGltZVN0YW1wIjoiMjAxOS0wMy0wNiAyMDo1NTo1MyJ9.Q3qETwHiPxVpxW0AOlkOHxFU5Pg8uBsndPZom6wn1fY', '2019-03-06 20:55:53', '2019-03-06 21:04:27', '50.201.95.250'),
(154, 'eyJ0eXAiOiJKV1QiLCJhbGciOiJIUzI1NiJ9.eyJ1aWQiOiIxIiwidGltZVN0YW1wIjoiMjAxOS0wMy0wNiAyMToxNTo1MyJ9.nZkSHevd8X7-6v7g97vWJ2GzVwVaAfiMUnBAWwXWEsQ', '2019-03-06 21:15:53', '2019-03-06 21:16:35', '114.143.234.170'),
(155, 'eyJ0eXAiOiJKV1QiLCJhbGciOiJIUzI1NiJ9.eyJ1aWQiOiIxIiwidGltZVN0YW1wIjoiMjAxOS0wMy0wNiAyMTozMjoxNCJ9.u5__8lUqWxPMN7Iv4-f7FISXFmua3-1Zww-7SArXa60', '2019-03-06 21:32:14', '2019-03-06 21:39:02', '114.143.234.170'),
(156, 'eyJ0eXAiOiJKV1QiLCJhbGciOiJIUzI1NiJ9.eyJ1aWQiOiIxIiwidGltZVN0YW1wIjoiMjAxOS0wMy0wNyAxNzoxMTozNSJ9.llo4i6k13Xgzk4qHruGzr4zvIXuL0J5VH5Q7QqdCF9o', '2019-03-07 17:11:35', '2019-03-07 17:19:20', '73.246.34.111'),
(157, 'eyJ0eXAiOiJKV1QiLCJhbGciOiJIUzI1NiJ9.eyJ1aWQiOiIxIiwidGltZVN0YW1wIjoiMjAxOS0wMy0wNyAxODoxMjowOCJ9.EfvLSNB9miPDhvlYAiFKWtlwGn26hmJ4AQjYkCE0nY4', '2019-03-07 18:12:08', '2019-03-07 18:13:46', '114.143.234.170'),
(158, 'eyJ0eXAiOiJKV1QiLCJhbGciOiJIUzI1NiJ9.eyJ1aWQiOiIxIiwidGltZVN0YW1wIjoiMjAxOS0wMy0wNyAxODo1Nzo1MSJ9.ofIZsHSMDO5bw777n4qMxKOzPADfAYncXwksmf6JyXs', '2019-03-07 18:57:51', '2019-03-07 18:58:36', '114.143.234.170'),
(159, 'eyJ0eXAiOiJKV1QiLCJhbGciOiJIUzI1NiJ9.eyJ1aWQiOiIxIiwidGltZVN0YW1wIjoiMjAxOS0wMy0wNyAxOTo0NTo0NiJ9.tI0VkcGsW-acKKukR3IY6wx2ehlBSxfQ71_jCHp4HX4', '2019-03-07 19:45:46', '2019-03-07 19:53:18', '114.143.234.170'),
(160, 'eyJ0eXAiOiJKV1QiLCJhbGciOiJIUzI1NiJ9.eyJ1aWQiOiIxIiwidGltZVN0YW1wIjoiMjAxOS0wMy0wNyAxOTo1MTowMSJ9.YJxY1_0qT3aiT5oCgsIo7M8ZcQAp5KpqV4HWfEAB8dM', '2019-03-07 19:51:01', '2019-03-07 20:08:53', '73.246.34.111'),
(161, 'eyJ0eXAiOiJKV1QiLCJhbGciOiJIUzI1NiJ9.eyJ1aWQiOiI0MSIsInRpbWVTdGFtcCI6IjIwMTktMDMtMDcgMTk6NTQ6MjgifQ.AN-zB-6x5nffknI1WGe8ulF1ZchHWPZjTaUfRCwMs0I', '2019-03-07 19:54:28', '2019-03-07 19:54:29', '114.143.234.170'),
(162, 'eyJ0eXAiOiJKV1QiLCJhbGciOiJIUzI1NiJ9.eyJ1aWQiOiIxIiwidGltZVN0YW1wIjoiMjAxOS0wMy0wNyAxOTo1NDo0NSJ9.kXgmq926JpC_CZekxUl9YTKooU-fVcZHZ5BwHR3HoHU', '2019-03-07 19:54:45', '2019-03-07 19:54:50', '114.143.234.170'),
(163, 'eyJ0eXAiOiJKV1QiLCJhbGciOiJIUzI1NiJ9.eyJ1aWQiOiI0MSIsInRpbWVTdGFtcCI6IjIwMTktMDMtMDcgMTk6NTY6MDAifQ.e3pQpmNgOLvhSNMEzdXVVSCaPI37EKdgXuCsN7UUiws', '2019-03-07 19:56:00', '2019-03-07 19:59:46', '114.143.234.170'),
(164, 'eyJ0eXAiOiJKV1QiLCJhbGciOiJIUzI1NiJ9.eyJ1aWQiOiIxIiwidGltZVN0YW1wIjoiMjAxOS0wMy0wNyAyMDowMDowOSJ9.gIeg5t2wWJscTuveqDoclGzStQy-Y9ZpTcsmp2Phe24', '2019-03-07 20:00:09', '2019-03-07 20:03:20', '114.143.234.170'),
(165, 'eyJ0eXAiOiJKV1QiLCJhbGciOiJIUzI1NiJ9.eyJ1aWQiOiI0MSIsInRpbWVTdGFtcCI6IjIwMTktMDMtMDcgMjA6MDk6MjkifQ.sZ1seqr8rsgNrqmUeWQ3n8TOCHQeUGvZEVuCp7lbfQo', '2019-03-07 20:09:29', '2019-03-07 20:14:25', '73.246.34.111'),
(166, 'eyJ0eXAiOiJKV1QiLCJhbGciOiJIUzI1NiJ9.eyJ1aWQiOiIxIiwidGltZVN0YW1wIjoiMjAxOS0wMy0wNyAyMDoxNjo0MCJ9.Dg5YJo_OVwYDOFbUJFFCsQzvrCVuidm2Ey_DNuejs80', '2019-03-07 20:16:40', '2019-03-07 20:19:28', '114.143.234.170'),
(167, 'eyJ0eXAiOiJKV1QiLCJhbGciOiJIUzI1NiJ9.eyJ1aWQiOiIxIiwidGltZVN0YW1wIjoiMjAxOS0wMy0wNyAyMDo0MzoyMyJ9.n5YFs4nAhw705989T7lgmh9148Uww4h8PZ1wbRTLUgA', '2019-03-07 20:43:23', '2019-03-07 20:49:45', '114.143.234.170'),
(168, 'eyJ0eXAiOiJKV1QiLCJhbGciOiJIUzI1NiJ9.eyJ1aWQiOiIxIiwidGltZVN0YW1wIjoiMjAxOS0wMy0wNyAyMDo1Nzo1NSJ9.7Gda6rp7bcvU8Sl_WwIdtriguPxszzKoALzGWZrLjLE', '2019-03-07 20:57:55', '2019-03-07 21:05:16', '114.143.234.170'),
(169, 'eyJ0eXAiOiJKV1QiLCJhbGciOiJIUzI1NiJ9.eyJ1aWQiOiIxIiwidGltZVN0YW1wIjoiMjAxOS0wMy0wNyAyMDo1OToxMiJ9.hayCjNMqb6KWOSVo7JyvL9hrGnh_Py_FMYO4uWtRz9M', '2019-03-07 20:59:12', '2019-03-07 20:59:12', '114.143.234.170'),
(170, 'eyJ0eXAiOiJKV1QiLCJhbGciOiJIUzI1NiJ9.eyJ1aWQiOiI0MSIsInRpbWVTdGFtcCI6IjIwMTktMDMtMDcgMjE6MDU6MTIifQ.7w6GGcmeOurHarNpQfQ8Zw5kXnEHgdsaERFXHNUZa48', '2019-03-07 21:05:12', '2019-03-07 21:26:15', '73.246.34.111'),
(171, 'eyJ0eXAiOiJKV1QiLCJhbGciOiJIUzI1NiJ9.eyJ1aWQiOiIzNyIsInRpbWVTdGFtcCI6IjIwMTktMDMtMDcgMjE6MzQ6NTEifQ.B20mKE7_WHgssJIb6I4TUlVeWI9AXN0aq2gKa0syyaI', '2019-03-07 21:34:51', '2019-03-07 21:34:59', '182.74.198.202'),
(172, 'eyJ0eXAiOiJKV1QiLCJhbGciOiJIUzI1NiJ9.eyJ1aWQiOiIxIiwidGltZVN0YW1wIjoiMjAxOS0wMy0wOCAxODo1MDowMyJ9.0Ovyu5VNoyD8DfVw0rG8jpmhOSSDAD-vGYuJzu-BJKE', '2019-03-08 18:50:03', '2019-03-08 19:27:51', '114.143.234.170'),
(173, 'eyJ0eXAiOiJKV1QiLCJhbGciOiJIUzI1NiJ9.eyJ1aWQiOiIxIiwidGltZVN0YW1wIjoiMjAxOS0wMy0xMSAxNTowMDo1OSJ9._wk6u-RDD8Z_C8RhYL0UElGpFzPqj9_DXwnOqRTR9Hc', '2019-03-11 15:00:59', '2019-03-11 15:03:06', '114.143.234.170'),
(174, 'eyJ0eXAiOiJKV1QiLCJhbGciOiJIUzI1NiJ9.eyJ1aWQiOiIzNiIsInRpbWVTdGFtcCI6IjIwMTktMDMtMTEgMTU6MTY6NDgifQ.V1ukY4LaLYEQyyozGKu8Hg_DzvSy37q__7j_LLlPHe8', '2019-03-11 15:16:48', '2019-03-11 15:17:25', '114.143.234.170'),
(175, 'eyJ0eXAiOiJKV1QiLCJhbGciOiJIUzI1NiJ9.eyJ1aWQiOiIzNyIsInRpbWVTdGFtcCI6IjIwMTktMDMtMTEgMTk6MDQ6MjIifQ.YRsiQc_VePjei5z4PYrs3Joi9ouqCQwZrPQX4982ntE', '2019-03-11 19:04:22', '2019-03-11 19:04:25', '114.143.234.170'),
(176, 'eyJ0eXAiOiJKV1QiLCJhbGciOiJIUzI1NiJ9.eyJ1aWQiOiIxIiwidGltZVN0YW1wIjoiMjAxOS0wMy0xMSAyMDozMjo1OSJ9.5g2ICxoH3TMETS4AGWjYqsh5Iny6A5IYX_hNSzCskBY', '2019-03-11 20:32:59', '2019-03-11 20:38:33', '114.143.234.170'),
(177, 'eyJ0eXAiOiJKV1QiLCJhbGciOiJIUzI1NiJ9.eyJ1aWQiOiIxIiwidGltZVN0YW1wIjoiMjAxOS0wMy0xMSAyMDo0OTo1OSJ9.PgtF0Zw7JYcSpG_osrd-B7al1unhxYsHkUUcXGTl_EU', '2019-03-11 20:49:59', '2019-03-11 21:11:52', '73.246.34.111'),
(178, 'eyJ0eXAiOiJKV1QiLCJhbGciOiJIUzI1NiJ9.eyJ1aWQiOiIxIiwidGltZVN0YW1wIjoiMjAxOS0wMy0xMSAyMToyMDowNiJ9.C2DNT39Gpw_yuQqepLAM2sIpQHLRSzLflO4GouOU8Z4', '2019-03-11 21:20:06', '2019-03-11 21:27:01', '114.143.234.170'),
(179, 'eyJ0eXAiOiJKV1QiLCJhbGciOiJIUzI1NiJ9.eyJ1aWQiOiIxIiwidGltZVN0YW1wIjoiMjAxOS0wMy0xMSAyMTo0NzoxNyJ9.p8ip4bp7pP0K5GxDlC3aQKSeb1EUWDk3C5yEwUbb1M0', '2019-03-11 21:47:17', '2019-03-11 22:01:50', '114.143.234.170'),
(180, 'eyJ0eXAiOiJKV1QiLCJhbGciOiJIUzI1NiJ9.eyJ1aWQiOiIxIiwidGltZVN0YW1wIjoiMjAxOS0wMy0xMiAxNzoxMjo0OCJ9.dYqngp6OunG9sRgH0SQnSoSuEbF0LOOvidSZfkhvkvw', '2019-03-12 17:12:48', '2019-03-12 17:12:49', '114.143.234.170'),
(181, 'eyJ0eXAiOiJKV1QiLCJhbGciOiJIUzI1NiJ9.eyJ1aWQiOiIxIiwidGltZVN0YW1wIjoiMjAxOS0wMy0xMiAxNzozMTo1MCJ9.kCJCmQ2ez8ee3dIzFUgGOlqrxjPvqmDSVSwVdEAraRo', '2019-03-12 17:31:50', '2019-03-12 17:45:28', '114.143.234.170'),
(182, 'eyJ0eXAiOiJKV1QiLCJhbGciOiJIUzI1NiJ9.eyJ1aWQiOiIxIiwidGltZVN0YW1wIjoiMjAxOS0wMy0xMiAxNzozNDo0NyJ9.gzigwhXtlL3NRHjy4PPgDV_73YDbEkwjgIwTelzXRJ0', '2019-03-12 17:34:47', '2019-03-12 17:48:12', '114.143.234.170'),
(183, 'eyJ0eXAiOiJKV1QiLCJhbGciOiJIUzI1NiJ9.eyJ1aWQiOiIxIiwidGltZVN0YW1wIjoiMjAxOS0wMy0xMiAxNzo0MzozMiJ9.Wgzo3aExkuUNpOa05XrZDbmyGQwUe5vbPtoGYHnT0T0', '2019-03-12 17:43:32', '2019-03-12 17:43:42', '114.143.234.170'),
(184, 'eyJ0eXAiOiJKV1QiLCJhbGciOiJIUzI1NiJ9.eyJ1aWQiOiI0MSIsInRpbWVTdGFtcCI6IjIwMTktMDMtMTIgMTc6NDY6MTUifQ.u6nKiqxxudumNDIAZpZo9ZPr1kjyuGCEtRrw_jhLDJw', '2019-03-12 17:46:15', '2019-03-12 17:46:15', '114.143.234.170'),
(185, 'eyJ0eXAiOiJKV1QiLCJhbGciOiJIUzI1NiJ9.eyJ1aWQiOiIxIiwidGltZVN0YW1wIjoiMjAxOS0wMy0xMiAyMDoxMToyNyJ9.zbqkwPxuTH8EYnwhl3aNr8z54NyYIEh1uHazYICvUl0', '2019-03-12 20:11:27', '2019-03-12 20:11:33', '114.143.234.170'),
(186, 'eyJ0eXAiOiJKV1QiLCJhbGciOiJIUzI1NiJ9.eyJ1aWQiOiIyNyIsInRpbWVTdGFtcCI6IjIwMTktMDMtMTIgMjA6MTI6MTMifQ.lVNKQ9GiLPsot-aoAH6Sm1g8-bTDqeDfVr6tfgm0PGU', '2019-03-12 20:12:13', '2019-03-12 20:12:34', '114.143.234.170'),
(187, 'eyJ0eXAiOiJKV1QiLCJhbGciOiJIUzI1NiJ9.eyJ1aWQiOiIxIiwidGltZVN0YW1wIjoiMjAxOS0wMy0xMiAyMDoxMjo0NCJ9.Mddu5Rz2ISJc_YYA6ZGHdp6vwxMFi8QoxgXYvUaeG5Q', '2019-03-12 20:12:44', '2019-03-12 20:12:52', '114.143.234.170'),
(188, 'eyJ0eXAiOiJKV1QiLCJhbGciOiJIUzI1NiJ9.eyJ1aWQiOiIyNyIsInRpbWVTdGFtcCI6IjIwMTktMDMtMTIgMjA6MTM6MDcifQ.kkJehiQC-U6i37_riDI8ccxAL5GR1zBlSAvzNlohTMI', '2019-03-12 20:13:07', '2019-03-12 20:13:58', '114.143.234.170'),
(189, 'eyJ0eXAiOiJKV1QiLCJhbGciOiJIUzI1NiJ9.eyJ1aWQiOiIxIiwidGltZVN0YW1wIjoiMjAxOS0wMy0xMiAyMDoxNDoxMyJ9.JGOTHVFur6c2jVkCv8GAwulpd72BHeGtn13t2zBldTM', '2019-03-12 20:14:13', '2019-03-12 20:14:14', '114.143.234.170'),
(190, 'eyJ0eXAiOiJKV1QiLCJhbGciOiJIUzI1NiJ9.eyJ1aWQiOiIxIiwidGltZVN0YW1wIjoiMjAxOS0wMy0xMiAyMDoyNjowMiJ9.CjEZFo044MTp9pr6KJYfMp6GvSA-KjzLP_5NEyvB3IE', '2019-03-12 20:26:02', '2019-03-12 20:35:09', '114.143.234.170'),
(191, 'eyJ0eXAiOiJKV1QiLCJhbGciOiJIUzI1NiJ9.eyJ1aWQiOiIxIiwidGltZVN0YW1wIjoiMjAxOS0wMy0xMiAyMDozMDo0NSJ9.Ff1B2zF0qcs4KcLdB67kMY5EwpP568GlSzGwJl4hZF4', '2019-03-12 20:30:45', '2019-03-12 20:32:26', '114.143.234.170'),
(192, 'eyJ0eXAiOiJKV1QiLCJhbGciOiJIUzI1NiJ9.eyJ1aWQiOiIxIiwidGltZVN0YW1wIjoiMjAxOS0wMy0xMiAyMDo1OToxMSJ9.z3Io_toMPWaAWHc3-9S-JHHY6fxhUJi96VfRJreE7uk', '2019-03-12 20:59:11', '2019-03-12 21:00:05', '114.143.234.170'),
(193, 'eyJ0eXAiOiJKV1QiLCJhbGciOiJIUzI1NiJ9.eyJ1aWQiOiIxIiwidGltZVN0YW1wIjoiMjAxOS0wMy0xMiAyMTowMDozOCJ9.0etriCqAjLB1fEP06As-9xlQJWwDBwchGnq0nM2KhPk', '2019-03-12 21:00:38', '2019-03-12 21:14:17', '114.143.234.170'),
(194, 'eyJ0eXAiOiJKV1QiLCJhbGciOiJIUzI1NiJ9.eyJ1aWQiOiIxIiwidGltZVN0YW1wIjoiMjAxOS0wMy0xMiAyMToxNjoyMiJ9.KL-XUPKPOhg_iT7VFpucxfKuIpjbU_aoP4XIUQnlTqY', '2019-03-12 21:16:22', '2019-03-12 21:25:38', '114.143.234.170'),
(195, 'eyJ0eXAiOiJKV1QiLCJhbGciOiJIUzI1NiJ9.eyJ1aWQiOiIxIiwidGltZVN0YW1wIjoiMjAxOS0wMy0xMiAyMToyODoxOCJ9.8hyMj2VMxdWpX0HzyRhhjbzgO-2rrnz9omuP6veSkIE', '2019-03-12 21:28:18', '2019-03-12 21:33:57', '114.143.234.170'),
(196, 'eyJ0eXAiOiJKV1QiLCJhbGciOiJIUzI1NiJ9.eyJ1aWQiOiIxIiwidGltZVN0YW1wIjoiMjAxOS0wMy0xMiAyMTozMzoyMyJ9.pPrnVj8o0nLlewXNx91QeyQ0Gz1WWPz1c0nwXyrHzMc', '2019-03-12 21:33:23', '2019-03-12 21:58:10', '73.246.34.111'),
(197, 'eyJ0eXAiOiJKV1QiLCJhbGciOiJIUzI1NiJ9.eyJ1aWQiOiIxIiwidGltZVN0YW1wIjoiMjAxOS0wMy0xMiAyMTo1Nzo0OCJ9.znMPIhgz_Qu32NYnf-MrMA7q23wJjm7zkJ7GbGlkKTA', '2019-03-12 21:57:48', '2019-03-12 22:11:05', '114.143.234.170'),
(198, 'eyJ0eXAiOiJKV1QiLCJhbGciOiJIUzI1NiJ9.eyJ1aWQiOiIxIiwidGltZVN0YW1wIjoiMjAxOS0wMy0xMiAyMjozNDoyMCJ9.dwRtVEjVRoqPDH3kZ2PEegILodkJids8dk8KNJAvBs4', '2019-03-12 22:34:20', '2019-03-12 22:34:20', '114.143.234.170'),
(199, 'eyJ0eXAiOiJKV1QiLCJhbGciOiJIUzI1NiJ9.eyJ1aWQiOiIxIiwidGltZVN0YW1wIjoiMjAxOS0wMy0xMiAyMjo0MzowNyJ9.D5LLcCbdwxiWL-ZmCUkfHGD72x5HMeBabBXUryHlu2E', '2019-03-12 22:43:07', '2019-03-12 23:32:09', '114.143.234.170'),
(200, 'eyJ0eXAiOiJKV1QiLCJhbGciOiJIUzI1NiJ9.eyJ1aWQiOiIxIiwidGltZVN0YW1wIjoiMjAxOS0wMy0xMyAxMzozMzoxMyJ9.gnmsma6WxJdoJMYN_XeZ5NXJAVTYrQuBxUiBYxRs924', '2019-03-13 13:33:13', '2019-03-13 13:45:48', '73.246.34.111'),
(201, 'eyJ0eXAiOiJKV1QiLCJhbGciOiJIUzI1NiJ9.eyJ1aWQiOiIxIiwidGltZVN0YW1wIjoiMjAxOS0wMy0xMyAxNDoyMDo0MiJ9.3d8c2ANfT8DpVyzikvOERSveD7jIoutW0QiibHlqP0U', '2019-03-13 14:20:42', '2019-03-13 14:20:42', '73.246.34.111'),
(202, 'eyJ0eXAiOiJKV1QiLCJhbGciOiJIUzI1NiJ9.eyJ1aWQiOiIxIiwidGltZVN0YW1wIjoiMjAxOS0wMy0xMyAxNTo0NDozNCJ9.A6vkIKFKD8OClRkK1OKOB9t3RxXkoiT5ot9yyk2MQZU', '2019-03-13 15:44:34', '2019-03-13 15:44:34', '114.143.234.170'),
(203, 'eyJ0eXAiOiJKV1QiLCJhbGciOiJIUzI1NiJ9.eyJ1aWQiOiIxIiwidGltZVN0YW1wIjoiMjAxOS0wMy0xMyAxNzo1ODo0NyJ9.cFzoe-rzHYfyYVeOJQjJI9i9A78Mhx_dz-OpwuROpw4', '2019-03-13 17:58:47', '2019-03-13 19:12:39', '114.143.234.170'),
(204, 'eyJ0eXAiOiJKV1QiLCJhbGciOiJIUzI1NiJ9.eyJ1aWQiOiIxIiwidGltZVN0YW1wIjoiMjAxOS0wMy0xMyAxODo0MDo0MCJ9.nKgykeVgiVixicwl1_xrSGz8vwCPjZiWAKCdSI7e4Q0', '2019-03-13 18:40:40', '2019-03-13 18:40:41', '114.143.234.170'),
(205, 'eyJ0eXAiOiJKV1QiLCJhbGciOiJIUzI1NiJ9.eyJ1aWQiOiIxIiwidGltZVN0YW1wIjoiMjAxOS0wMy0xMyAxOTozMDozOSJ9.KypZ73ct2MnX4J_x3UbnTXGlDFaCH2M6gzqOXtrYidI', '2019-03-13 19:30:39', '2019-03-13 19:31:34', '114.143.234.170'),
(206, 'eyJ0eXAiOiJKV1QiLCJhbGciOiJIUzI1NiJ9.eyJ1aWQiOiIxIiwidGltZVN0YW1wIjoiMjAxOS0wMy0xMyAxOTo1NTo0NCJ9.oo0FU3fxaues1uWmKFvZ6lnDLpwDVP7K4dejXQjNDYQ', '2019-03-13 19:55:44', '2019-03-13 19:59:08', '114.143.234.170'),
(207, 'eyJ0eXAiOiJKV1QiLCJhbGciOiJIUzI1NiJ9.eyJ1aWQiOiIxIiwidGltZVN0YW1wIjoiMjAxOS0wMy0xMyAxOTo1OTo0OCJ9.5EXLa0h2F02WR1rXNzkuTKdKNCfHL-eKFnrhjxbrejE', '2019-03-13 19:59:48', '2019-03-13 19:59:49', '114.143.234.170'),
(208, 'eyJ0eXAiOiJKV1QiLCJhbGciOiJIUzI1NiJ9.eyJ1aWQiOiIxIiwidGltZVN0YW1wIjoiMjAxOS0wMy0xMyAyMDowMDoxOSJ9.vvgALw_RoZPRWQwnNO2lHSFdjPN6lgjDN77tBh0R1Qs', '2019-03-13 20:00:19', '2019-03-13 20:11:16', '114.143.234.170'),
(209, 'eyJ0eXAiOiJKV1QiLCJhbGciOiJIUzI1NiJ9.eyJ1aWQiOiIxIiwidGltZVN0YW1wIjoiMjAxOS0wMy0xMyAyMTozMTo0MiJ9.gOOToW5fK6RLa9iBLl8_l8okp3-KchwEGDytqscIfvs', '2019-03-13 21:31:42', '2019-03-13 21:47:43', '114.143.234.170'),
(210, 'eyJ0eXAiOiJKV1QiLCJhbGciOiJIUzI1NiJ9.eyJ1aWQiOiIxIiwidGltZVN0YW1wIjoiMjAxOS0wMy0xMyAyMjowNzoyMCJ9.8PXNtvE5o_SfiSAmDM6cgje5FQ7iOx2VJHr5gNk78j8', '2019-03-13 22:07:20', '2019-03-13 22:38:56', '73.246.34.111'),
(211, 'eyJ0eXAiOiJKV1QiLCJhbGciOiJIUzI1NiJ9.eyJ1aWQiOiIxIiwidGltZVN0YW1wIjoiMjAxOS0wMy0xMyAyMjowNzo1NyJ9.bRrhIDEszrTOI5D01Qz30RrG9jHdSoj0a-k-ugFNbIk', '2019-03-13 22:07:57', '2019-03-13 22:07:58', '114.143.234.170'),
(212, 'eyJ0eXAiOiJKV1QiLCJhbGciOiJIUzI1NiJ9.eyJ1aWQiOiIxIiwidGltZVN0YW1wIjoiMjAxOS0wMy0xMyAyMjoxMDo1MCJ9.5oDU8fXBWNc62eX0rp2wZoNYkQVaDnDOpdF_dK3DFMo', '2019-03-13 22:10:50', '2019-03-13 22:18:41', '114.143.234.170'),
(213, 'eyJ0eXAiOiJKV1QiLCJhbGciOiJIUzI1NiJ9.eyJ1aWQiOiIxIiwidGltZVN0YW1wIjoiMjAxOS0wMy0xMyAyMjoyNzowMyJ9.BTXl4Z_Uc0ENMR2mIgymaCoaqq1gRJC5r6nabKtqVpQ', '2019-03-13 22:27:03', '2019-03-13 22:27:04', '114.143.234.170'),
(214, 'eyJ0eXAiOiJKV1QiLCJhbGciOiJIUzI1NiJ9.eyJ1aWQiOiIxIiwidGltZVN0YW1wIjoiMjAxOS0wMy0xMyAyMjo1ODoxNiJ9.XbmgYdo0gVErjxIv4tm8FmPiz0481XX4zDMVy-eCvek', '2019-03-13 22:58:16', '2019-03-13 22:58:30', '114.143.234.170'),
(215, 'eyJ0eXAiOiJKV1QiLCJhbGciOiJIUzI1NiJ9.eyJ1aWQiOiIxIiwidGltZVN0YW1wIjoiMjAxOS0wMy0xMyAyMjo1OTo0OCJ9.Zc9OlbyiwexuRIDKnE_z_rTNjCi3UyUXWwU9foEODKM', '2019-03-13 22:59:48', '2019-03-13 23:00:00', '114.143.234.170'),
(216, 'eyJ0eXAiOiJKV1QiLCJhbGciOiJIUzI1NiJ9.eyJ1aWQiOiIxIiwidGltZVN0YW1wIjoiMjAxOS0wMy0xMyAyMzowMDozMyJ9.b79OcsvE8DKREXXl3lgVwwnc5HQQ91iUXKV99cufxmY', '2019-03-13 23:00:33', '2019-03-13 23:01:35', '73.246.34.111'),
(217, 'eyJ0eXAiOiJKV1QiLCJhbGciOiJIUzI1NiJ9.eyJ1aWQiOiIxIiwidGltZVN0YW1wIjoiMjAxOS0wMy0xNCAwMToxOTowMiJ9.J4E4kI0jUW54PtDfc_jVBw7Kn0Eb7bReQrkC09DxTWY', '2019-03-14 01:19:02', '2019-03-14 01:34:44', '73.50.61.96'),
(218, 'eyJ0eXAiOiJKV1QiLCJhbGciOiJIUzI1NiJ9.eyJ1aWQiOiIxIiwidGltZVN0YW1wIjoiMjAxOS0wMy0xNCAxODo1NDowNiJ9.aY4A85dhwEkJb8NekxhAHYD3r_qswBwRhH1_BtxIyhg', '2019-03-14 18:54:06', '2019-03-14 18:54:06', '114.143.234.170'),
(219, 'eyJ0eXAiOiJKV1QiLCJhbGciOiJIUzI1NiJ9.eyJ1aWQiOiIxIiwidGltZVN0YW1wIjoiMjAxOS0wMy0xNCAyMDozNjo1MCJ9.PZCCYTg02tUZMegfLoCWNpeBtrfEIQaUC8wt_SYrLUk', '2019-03-14 20:36:50', '2019-03-14 20:37:21', '50.196.221.125'),
(220, 'eyJ0eXAiOiJKV1QiLCJhbGciOiJIUzI1NiJ9.eyJ1aWQiOiIxIiwidGltZVN0YW1wIjoiMjAxOS0wMy0xNCAyMToyMjozNyJ9.f76uS3_0fEhkW5JbzUTjCrqAkSoBGizaooilH0olz18', '2019-03-14 21:22:37', '2019-03-14 21:22:45', '114.143.234.170'),
(221, 'eyJ0eXAiOiJKV1QiLCJhbGciOiJIUzI1NiJ9.eyJ1aWQiOiIxIiwidGltZVN0YW1wIjoiMjAxOS0wMy0xNCAyMTo1MjozNSJ9.MBj7xPHbB1zvNdLQA9gNe_KNlVBDYMESHQT44ADr134', '2019-03-14 21:52:35', '2019-03-14 21:53:30', '114.143.234.170'),
(222, 'eyJ0eXAiOiJKV1QiLCJhbGciOiJIUzI1NiJ9.eyJ1aWQiOiIxIiwidGltZVN0YW1wIjoiMjAxOS0wMy0xNSAxNDoxODo0MCJ9.68502tNyh7pggcihOhgIXDOi-BXszuBrbUI5Ac2IOlo', '2019-03-15 14:18:40', '2019-03-15 14:18:46', '114.143.234.170'),
(223, 'eyJ0eXAiOiJKV1QiLCJhbGciOiJIUzI1NiJ9.eyJ1aWQiOiIzOCIsInRpbWVTdGFtcCI6IjIwMTktMDMtMTUgMTQ6MzE6MzQifQ.LUvmdS79-m8-7fhpmFkY7-vazjN56A79svCA-CenHFk', '2019-03-15 14:31:34', '2019-03-15 14:31:35', '114.143.234.170'),
(224, 'eyJ0eXAiOiJKV1QiLCJhbGciOiJIUzI1NiJ9.eyJ1aWQiOiIxIiwidGltZVN0YW1wIjoiMjAxOS0wMy0xNSAxNDo1MDozMSJ9.PESOqAuLIZ2lA3VUKjnXUYvdAhCFgV1W4AOLbgs_spY', '2019-03-15 14:50:31', '2019-03-15 14:50:32', '114.143.234.170'),
(225, 'eyJ0eXAiOiJKV1QiLCJhbGciOiJIUzI1NiJ9.eyJ1aWQiOiIzOCIsInRpbWVTdGFtcCI6IjIwMTktMDMtMTUgMTQ6NTM6NTkifQ.GTqsnufnuZVBrkWfpmt45eLU1fp77UE4O2jIArPgd_g', '2019-03-15 14:53:59', '2019-03-15 14:56:56', '114.143.234.170'),
(226, 'eyJ0eXAiOiJKV1QiLCJhbGciOiJIUzI1NiJ9.eyJ1aWQiOiIzNyIsInRpbWVTdGFtcCI6IjIwMTktMDMtMTUgMTQ6NTU6MDEifQ.oigd1A08Yi3UCoqjr1ueWHOcVeW0bTW5fCP4EymJOx4', '2019-03-15 14:55:01', '2019-03-15 15:00:03', '114.143.234.170'),
(227, 'eyJ0eXAiOiJKV1QiLCJhbGciOiJIUzI1NiJ9.eyJ1aWQiOiIxIiwidGltZVN0YW1wIjoiMjAxOS0wMy0xNSAxNzo1NzoyOCJ9.dXkqBFrXtmkcP8yzTC9HaQ4DFbce-jHDDIF3RQkLi30', '2019-03-15 17:57:28', '2019-03-15 18:00:53', '73.246.34.111'),
(228, 'eyJ0eXAiOiJKV1QiLCJhbGciOiJIUzI1NiJ9.eyJ1aWQiOiIxIiwidGltZVN0YW1wIjoiMjAxOS0wMy0xNSAxODowNDo1OCJ9.UxGn9u-5W1FNpnOKaTRIC1B342n0lMDzdTCkiEztZJA', '2019-03-15 18:04:58', '2019-03-15 18:21:45', '114.143.234.170'),
(229, 'eyJ0eXAiOiJKV1QiLCJhbGciOiJIUzI1NiJ9.eyJ1aWQiOiIxIiwidGltZVN0YW1wIjoiMjAxOS0wMy0xNSAxODo0MTo0NiJ9.nc4983B3yqKzBNsh-5CFOfKaDF66aJGJ47FaCjSaXtA', '2019-03-15 18:41:46', '2019-03-15 18:42:57', '114.143.234.170'),
(230, 'eyJ0eXAiOiJKV1QiLCJhbGciOiJIUzI1NiJ9.eyJ1aWQiOiIxIiwidGltZVN0YW1wIjoiMjAxOS0wMy0xNSAxODo0Mzo0OCJ9.qJIsp5q9MpJ47HOYgDqAjmoRvm9iaO9JtTdG41DuMhs', '2019-03-15 18:43:48', '2019-03-15 19:02:09', '73.246.34.111'),
(231, 'eyJ0eXAiOiJKV1QiLCJhbGciOiJIUzI1NiJ9.eyJ1aWQiOiIxIiwidGltZVN0YW1wIjoiMjAxOS0wMy0xNSAyMTowMjowOSJ9.ISb7bRTapqFeW5-R8HTQDN902fKeyZxeKPdtMQhdAP8', '2019-03-15 21:02:09', '2019-03-15 21:02:19', '114.143.234.170'),
(232, 'eyJ0eXAiOiJKV1QiLCJhbGciOiJIUzI1NiJ9.eyJ1aWQiOiIxIiwidGltZVN0YW1wIjoiMjAxOS0wMy0xNSAyMjo0NTo1MiJ9.1_BCA6l6WxqvXQoUIgMkgwgH-2ANKcWp6HYk9QGkgFU', '2019-03-15 22:45:52', '2019-03-15 22:50:32', '114.143.234.170');
INSERT INTO `user_login_details` (`id`, `token`, `login_time`, `last_active`, `ip_address`) VALUES
(233, 'eyJ0eXAiOiJKV1QiLCJhbGciOiJIUzI1NiJ9.eyJ1aWQiOiIxIiwidGltZVN0YW1wIjoiMjAxOS0wMy0xOCAxNDo0ODoxMCJ9.4mw-T-if1NGTgz-rtMb2rDsEHgRZ69wgWPD2k6iJOdY', '2019-03-18 14:48:10', '2019-03-18 14:55:28', '114.143.234.170'),
(234, 'eyJ0eXAiOiJKV1QiLCJhbGciOiJIUzI1NiJ9.eyJ1aWQiOiIxIiwidGltZVN0YW1wIjoiMjAxOS0wMy0xOCAxNDo1MjoyOSJ9.53KN1mv9TVRJNk5DIMhoeVikgUu8KqJhhQXr4QKNKm4', '2019-03-18 14:52:29', '2019-03-18 14:55:16', '114.143.234.170'),
(235, 'eyJ0eXAiOiJKV1QiLCJhbGciOiJIUzI1NiJ9.eyJ1aWQiOiIxIiwidGltZVN0YW1wIjoiMjAxOS0wMy0xOCAxNjo0MDozNSJ9.WY2ruzakLEpKjde6FAkgm5voqWLsBFLZ-isWy_A_Q8Y', '2019-03-18 16:40:35', '2019-03-18 16:49:18', '114.143.234.170'),
(236, 'eyJ0eXAiOiJKV1QiLCJhbGciOiJIUzI1NiJ9.eyJ1aWQiOiIxIiwidGltZVN0YW1wIjoiMjAxOS0wMy0xOCAxODowNjo0NSJ9.DI7_smg8SYgH8TGsPJYvMHnVKTiXkLaM-R2ePf-dCiA', '2019-03-18 18:06:45', '2019-03-18 18:08:10', '114.143.234.170'),
(237, 'eyJ0eXAiOiJKV1QiLCJhbGciOiJIUzI1NiJ9.eyJ1aWQiOiIxIiwidGltZVN0YW1wIjoiMjAxOS0wMy0xOCAyMToxMTo0MCJ9.74msmPTuCODVnEemHAVrK5dP9CmtQDoapxf2Jk7Nkhc', '2019-03-18 21:11:40', '2019-03-18 21:16:40', '73.246.34.111'),
(238, 'eyJ0eXAiOiJKV1QiLCJhbGciOiJIUzI1NiJ9.eyJ1aWQiOiIxIiwidGltZVN0YW1wIjoiMjAxOS0wMy0xOCAyMToxNDozMCJ9.SCjkhz7-m9cCNQiyN7sFbD1X55GhelSq5mTg2G6RjTM', '2019-03-18 21:14:30', '2019-03-18 21:17:52', '114.143.234.170'),
(239, 'eyJ0eXAiOiJKV1QiLCJhbGciOiJIUzI1NiJ9.eyJ1aWQiOiIxIiwidGltZVN0YW1wIjoiMjAxOS0wMy0xOCAyMToyOTo0NyJ9.Z4zL8c0aaNUeFAVq21F3qXexjs-yQH1L9pNoutBCAhM', '2019-03-18 21:29:47', '2019-03-18 21:29:50', '114.143.234.170'),
(240, 'eyJ0eXAiOiJKV1QiLCJhbGciOiJIUzI1NiJ9.eyJ1aWQiOiIxIiwidGltZVN0YW1wIjoiMjAxOS0wMy0xOCAyMjoxNjoxMyJ9.9w8vg5Nhrx1CEfBrSuzfLJL0qJ4A49U3CD8sys3j6As', '2019-03-18 22:16:13', '2019-03-18 22:16:22', '114.143.234.170'),
(241, 'eyJ0eXAiOiJKV1QiLCJhbGciOiJIUzI1NiJ9.eyJ1aWQiOiIxIiwidGltZVN0YW1wIjoiMjAxOS0wMy0xOCAyMzoxMzozMyJ9.6w1heVz5XF8bt9AfYnNL38e2NQjwfK1nWOg2NJR5LIQ', '2019-03-18 23:13:33', '2019-03-18 23:14:39', '114.143.234.170'),
(242, 'eyJ0eXAiOiJKV1QiLCJhbGciOiJIUzI1NiJ9.eyJ1aWQiOiIxIiwidGltZVN0YW1wIjoiMjAxOS0wMy0xOCAyMzo1MDowNyJ9.6cdOmk0U9W4za23r_FJln4OMrbcvMGcVzxF40hxwqIk', '2019-03-18 23:50:07', '2019-03-18 23:50:10', '114.143.234.170'),
(243, 'eyJ0eXAiOiJKV1QiLCJhbGciOiJIUzI1NiJ9.eyJ1aWQiOiIxIiwidGltZVN0YW1wIjoiMjAxOS0wMy0xOSAyMDoyNTowOCJ9.E2ofKRfeBJznGAYa0vClwbjppBjyeeTW4QVBlmWL0l0', '2019-03-19 20:25:08', '2019-03-19 20:25:08', '114.143.234.170'),
(244, 'eyJ0eXAiOiJKV1QiLCJhbGciOiJIUzI1NiJ9.eyJ1aWQiOiIxIiwidGltZVN0YW1wIjoiMjAxOS0wMy0xOSAyMToyODo1NyJ9.SFDuEadFYYfRSBtZYeRcOHDN7j9R-A1rIKeH_Sff82o', '2019-03-19 21:28:57', '2019-03-19 21:31:41', '73.50.61.96'),
(245, 'eyJ0eXAiOiJKV1QiLCJhbGciOiJIUzI1NiJ9.eyJ1aWQiOiIxIiwidGltZVN0YW1wIjoiMjAxOS0wMy0xOSAyMjoyOTozNyJ9.-YytaQLaaIYn26Tkmrv5AvvdQIUrvijqwtTL77Txvp4', '2019-03-19 22:29:37', '2019-03-19 22:33:46', '114.143.234.170'),
(246, 'eyJ0eXAiOiJKV1QiLCJhbGciOiJIUzI1NiJ9.eyJ1aWQiOiIxIiwidGltZVN0YW1wIjoiMjAxOS0wMy0yMCAwMDowNDowNSJ9.J_nJYouAGELYLJn1yyRvQJMkYes97koOKeVACvRQFNk', '2019-03-20 00:04:05', '2019-03-20 00:08:25', '73.50.61.96'),
(247, 'eyJ0eXAiOiJKV1QiLCJhbGciOiJIUzI1NiJ9.eyJ1aWQiOiIxIiwidGltZVN0YW1wIjoiMjAxOS0wMy0yMCAwMDo1Mzo0NiJ9.aCA6bNMffD3SJ8ul2GyIqPpO_RptNKTriJEHgL_PwSU', '2019-03-20 00:53:46', '2019-03-20 01:04:09', '73.50.61.96'),
(248, 'eyJ0eXAiOiJKV1QiLCJhbGciOiJIUzI1NiJ9.eyJ1aWQiOiIxIiwidGltZVN0YW1wIjoiMjAxOS0wMy0yMCAxNDozOTo0NyJ9.bSzoteleHUJPaV6gLxbJATqFw64TF60O5vbF-EhrO-8', '2019-03-20 14:39:47', '2019-03-20 14:42:28', '114.143.234.170'),
(249, 'eyJ0eXAiOiJKV1QiLCJhbGciOiJIUzI1NiJ9.eyJ1aWQiOiIxIiwidGltZVN0YW1wIjoiMjAxOS0wMy0yMSAwMjowMjoyMyJ9.mLsrOgXOZhzk8p6HSr6dpPv3Cr3jX9Sj9Qop4uKNC1Y', '2019-03-21 02:02:23', '2019-03-21 02:13:49', '216.223.154.98'),
(250, 'eyJ0eXAiOiJKV1QiLCJhbGciOiJIUzI1NiJ9.eyJ1aWQiOiIxIiwidGltZVN0YW1wIjoiMjAxOS0wMy0yMSAxODo1MzozMyJ9.qPw_GNaw3J0nrwQfivuPymk5VsSGqLNDWmgjCoqnQeM', '2019-03-21 18:53:33', '2019-03-21 18:53:33', '114.143.234.170'),
(251, 'eyJ0eXAiOiJKV1QiLCJhbGciOiJIUzI1NiJ9.eyJ1aWQiOiIxIiwidGltZVN0YW1wIjoiMjAxOS0wMy0yMSAxOTozODozMCJ9.VIPbBYKqHyht5HedkPH1M9C-ONPHE6k7JtzsPOPHMzM', '2019-03-21 19:38:30', '2019-03-21 19:38:37', '114.143.234.170'),
(252, 'eyJ0eXAiOiJKV1QiLCJhbGciOiJIUzI1NiJ9.eyJ1aWQiOiIxIiwidGltZVN0YW1wIjoiMjAxOS0wMy0yMSAxOTozODozNCJ9.GLiBMU71vOwzYLqvipujihTsg9Qwwb7klpOZZVTkTAM', '2019-03-21 19:38:34', '2019-03-21 19:38:34', '114.143.234.170'),
(253, 'eyJ0eXAiOiJKV1QiLCJhbGciOiJIUzI1NiJ9.eyJ1aWQiOiIxIiwidGltZVN0YW1wIjoiMjAxOS0wMy0yMiAyMToyODoyNyJ9.XBUtiqDEOxS5HnDnj8PyqR09DyQLj36tIQ4CLr5BfrI', '2019-03-22 21:28:27', '2019-03-22 21:34:26', '73.246.34.111'),
(254, 'eyJ0eXAiOiJKV1QiLCJhbGciOiJIUzI1NiJ9.eyJ1aWQiOiIzOCIsInRpbWVTdGFtcCI6IjIwMTktMDMtMjUgMTQ6MTM6MTEifQ.fq7I8nJ_oaUAF1F9m67rmujx_CbK34EGvnZIWd3-pGM', '2019-03-25 14:13:11', '2019-03-25 14:14:48', '114.143.234.170'),
(255, 'eyJ0eXAiOiJKV1QiLCJhbGciOiJIUzI1NiJ9.eyJ1aWQiOiIzNiIsInRpbWVTdGFtcCI6IjIwMTktMDMtMjUgMTQ6MTU6MjYifQ.RgnUfbvznd474rRUCXzgtIZQ4FkDsPyWciS5QSUYhNA', '2019-03-25 14:15:26', '2019-03-25 14:17:25', '114.143.234.170'),
(256, 'eyJ0eXAiOiJKV1QiLCJhbGciOiJIUzI1NiJ9.eyJ1aWQiOiIxIiwidGltZVN0YW1wIjoiMjAxOS0wMy0yNSAxNToxOTozOCJ9.wDdak6tpoNkJz-NxrKPLnWKZb0G96fGvBJozCB4IN-4', '2019-03-25 15:19:38', '2019-03-25 15:25:59', '114.143.234.170'),
(257, 'eyJ0eXAiOiJKV1QiLCJhbGciOiJIUzI1NiJ9.eyJ1aWQiOiIxIiwidGltZVN0YW1wIjoiMjAxOS0wMy0yNSAxNTo1MDo1MSJ9.lWnPgHNAjhf8IaQWeoGUiCxrAQBVJp1xecIATa7aHoc', '2019-03-25 15:50:51', '2019-03-25 15:50:52', '114.143.234.170'),
(258, 'eyJ0eXAiOiJKV1QiLCJhbGciOiJIUzI1NiJ9.eyJ1aWQiOiIxIiwidGltZVN0YW1wIjoiMjAxOS0wMy0yNSAxNjoyNjoyOSJ9.jiyLK87-ZH5fby7qTwkIp7I0YDOyn7w6HNWFy4ksMhE', '2019-03-25 16:26:29', '2019-03-25 16:27:50', '114.143.234.170'),
(259, 'eyJ0eXAiOiJKV1QiLCJhbGciOiJIUzI1NiJ9.eyJ1aWQiOiIxIiwidGltZVN0YW1wIjoiMjAxOS0wMy0yNSAyMzowMTozNiJ9.cZ4VENoYYmUrsR7GVloSnILixzYUniL3NI-En9fedW0', '2019-03-25 23:01:36', '2019-03-25 23:03:23', '114.143.234.170'),
(260, 'eyJ0eXAiOiJKV1QiLCJhbGciOiJIUzI1NiJ9.eyJ1aWQiOiIxIiwidGltZVN0YW1wIjoiMjAxOS0wMy0yNSAyMzowNDowMCJ9.S4USdUa4Rblo8Lr-xkgWIIMKRLND1abX4Ge9VblJW4U', '2019-03-25 23:04:00', '2019-03-25 23:05:22', '114.143.234.170'),
(261, 'eyJ0eXAiOiJKV1QiLCJhbGciOiJIUzI1NiJ9.eyJ1aWQiOiIxIiwidGltZVN0YW1wIjoiMjAxOS0wMy0yNiAxNDoxMzo1NCJ9.ob71kHpZwnZjrb_NSFlfg4ZeGfQp_siu1md7RSCXdVg', '2019-03-26 14:13:54', '2019-03-26 14:15:17', '114.143.234.170'),
(262, 'eyJ0eXAiOiJKV1QiLCJhbGciOiJIUzI1NiJ9.eyJ1aWQiOiIxIiwidGltZVN0YW1wIjoiMjAxOS0wMy0yNiAxNDo0MTo1MSJ9.kuQJ8A4G9PX40HNC__cae5ocIw2c_pVzm9B0e5RFriQ', '2019-03-26 14:41:51', '2019-03-26 14:47:47', '114.143.234.170'),
(263, 'eyJ0eXAiOiJKV1QiLCJhbGciOiJIUzI1NiJ9.eyJ1aWQiOiIxIiwidGltZVN0YW1wIjoiMjAxOS0wMy0yNiAxNToxNToyOCJ9.zL7jEIsE7kBcyCxI_jWLhb3zrHKcyWqu5TmwDyDTRhI', '2019-03-26 15:15:28', '2019-03-26 15:27:39', '114.143.234.170'),
(264, 'eyJ0eXAiOiJKV1QiLCJhbGciOiJIUzI1NiJ9.eyJ1aWQiOiIxIiwidGltZVN0YW1wIjoiMjAxOS0wMy0yNiAxNjowNjoyNSJ9.9zMRYYj9VRzfCtupaz_6cG0qVsC4CxE1SxZ4bkhksmo', '2019-03-26 16:06:25', '2019-03-26 16:06:26', '114.143.234.170'),
(265, 'eyJ0eXAiOiJKV1QiLCJhbGciOiJIUzI1NiJ9.eyJ1aWQiOiIxIiwidGltZVN0YW1wIjoiMjAxOS0wMy0yNyAwNzozNjozNCJ9.815U5_xpjq6HWorTL_uoz7SscSuCBjCd4pVFKOQCwTM', '2019-03-27 07:36:34', '2019-03-27 07:40:58', '114.143.234.170'),
(266, 'eyJ0eXAiOiJKV1QiLCJhbGciOiJIUzI1NiJ9.eyJ1aWQiOiIxIiwidGltZVN0YW1wIjoiMjAxOS0wMy0yNyAxNToyNDoyOCJ9.FLimUfFTR-xbkE4r_ajEaiYn7J8Ma-VqrHoqV9Ym15U', '2019-03-27 15:24:28', '2019-03-27 15:24:28', '114.143.234.170'),
(267, 'eyJ0eXAiOiJKV1QiLCJhbGciOiJIUzI1NiJ9.eyJ1aWQiOiIxIiwidGltZVN0YW1wIjoiMjAxOS0wMy0yNyAxNTo1OTo0NSJ9.iVr6oP1_W4DsSesZOu151pJ-8P0z7XkTWXu34htx-QI', '2019-03-27 15:59:45', '2019-03-27 15:59:46', '114.143.234.170'),
(268, 'eyJ0eXAiOiJKV1QiLCJhbGciOiJIUzI1NiJ9.eyJ1aWQiOiIxIiwidGltZVN0YW1wIjoiMjAxOS0wMy0yNyAxNjoyMToyMiJ9.0IYkpKuwf7oMXGTD7Hmpk35oqPMKe45UsMIOa4zCYOE', '2019-03-27 16:21:22', '2019-03-27 16:21:23', '114.143.234.170'),
(269, 'eyJ0eXAiOiJKV1QiLCJhbGciOiJIUzI1NiJ9.eyJ1aWQiOiIxIiwidGltZVN0YW1wIjoiMjAxOS0wMy0yOSAxNzozNjoyNCJ9.ybyl8xs1L_pnKMvLPsn7zW_NZmOhI_ZUqBcJFNodjnM', '2019-03-29 17:36:24', '2019-03-29 17:36:45', '114.143.234.170'),
(270, 'eyJ0eXAiOiJKV1QiLCJhbGciOiJIUzI1NiJ9.eyJ1aWQiOiIxIiwidGltZVN0YW1wIjoiMjAxOS0wMy0yOSAxNzo1ODo0NSJ9.8EDzwNjsVv_K8Ph6gTtuXpVpP70W_GexqJGSSKDVa5g', '2019-03-29 17:58:45', '2019-03-29 17:58:46', '114.143.234.170'),
(271, 'eyJ0eXAiOiJKV1QiLCJhbGciOiJIUzI1NiJ9.eyJ1aWQiOiIxIiwidGltZVN0YW1wIjoiMjAxOS0wMy0yOSAxODoyMTo1NiJ9.eeYRcK0ok4jyx0fzz8XoZgVGiAe6D_7kUovQ3tOZlF8', '2019-03-29 18:21:56', '2019-03-29 18:23:39', '114.143.234.170'),
(272, 'eyJ0eXAiOiJKV1QiLCJhbGciOiJIUzI1NiJ9.eyJ1aWQiOiIxIiwidGltZVN0YW1wIjoiMjAxOS0wNC0wMSAxNTowNDoxNyJ9.ePnf1oOe73b7Mh2cPP6nPGOAF8Gep2Ba6QGoywunaxM', '2019-04-01 15:04:17', '2019-04-01 15:04:18', '114.143.234.170'),
(273, 'eyJ0eXAiOiJKV1QiLCJhbGciOiJIUzI1NiJ9.eyJ1aWQiOiIxIiwidGltZVN0YW1wIjoiMjAxOS0wNC0wMyAxNjoxMToyMSJ9.xyuwh9BL3PaU_5ppzY8GUUNEtpdqjO1XLt1CZcJwhAk', '2019-04-03 16:11:21', '2019-04-03 16:12:58', '73.246.34.111'),
(274, 'eyJ0eXAiOiJKV1QiLCJhbGciOiJIUzI1NiJ9.eyJ1aWQiOiIxIiwidGltZVN0YW1wIjoiMjAxOS0wNC0wMyAxNzozMzoyMSJ9.ASeKWKuJpt072Y13lYWDYS2a-70vp8Rr6DBPaYBT9XM', '2019-04-03 17:33:21', '2019-04-03 17:33:37', '114.143.234.170'),
(275, 'eyJ0eXAiOiJKV1QiLCJhbGciOiJIUzI1NiJ9.eyJ1aWQiOiIxIiwidGltZVN0YW1wIjoiMjAxOS0wNC0wMyAxNzozODozOSJ9.KZZb1-Hk-BWHfX76JrzTP3NX6_t2iF2npMJp7TOK17o', '2019-04-03 17:38:39', '2019-04-03 17:39:00', '114.143.234.170'),
(276, 'eyJ0eXAiOiJKV1QiLCJhbGciOiJIUzI1NiJ9.eyJ1aWQiOiIxIiwidGltZVN0YW1wIjoiMjAxOS0wNC0wMyAxODo0NzoxMyJ9.EtoDuLLG1Y50Gcynx8bjjwmRsyruX71QIkUKIIsVrJ8', '2019-04-03 18:47:13', '2019-04-03 18:47:55', '114.143.234.170'),
(277, 'eyJ0eXAiOiJKV1QiLCJhbGciOiJIUzI1NiJ9.eyJ1aWQiOiIxIiwidGltZVN0YW1wIjoiMjAxOS0wNC0wMyAxODo1Njo0MSJ9.Dh5aQEeUjlVF6n_qRMgygadmbNNMi8IQfC_WZ8Ekp3M', '2019-04-03 18:56:41', '2019-04-03 19:07:13', '114.143.234.170'),
(278, 'eyJ0eXAiOiJKV1QiLCJhbGciOiJIUzI1NiJ9.eyJ1aWQiOiIxIiwidGltZVN0YW1wIjoiMjAxOS0wNC0wMyAxOTozMToxOSJ9.nGSiG_wI4Hk0CPTclW4yK1W6mwmHRGXk4TXv1ISXmOU', '2019-04-03 19:31:19', '2019-04-03 19:31:25', '114.143.234.170'),
(279, 'eyJ0eXAiOiJKV1QiLCJhbGciOiJIUzI1NiJ9.eyJ1aWQiOiIxIiwidGltZVN0YW1wIjoiMjAxOS0wNC0wMyAyMDoxMzoyMiJ9.kTDOXIop53OgryWW6tABsAeVX3_mdn-AFGsyiD5a24M', '2019-04-03 20:13:22', '2019-04-03 20:13:34', '114.143.234.170'),
(280, 'eyJ0eXAiOiJKV1QiLCJhbGciOiJIUzI1NiJ9.eyJ1aWQiOiI0NyIsInRpbWVTdGFtcCI6IjIwMTktMDQtMDMgMjA6MTc6NTUifQ.uNyfMWazXqgAoFzYqvBCYVzZ4KcqfvF_lIP_O8V2BpI', '2019-04-03 20:17:55', '2019-04-03 20:17:56', '114.143.234.170'),
(281, 'eyJ0eXAiOiJKV1QiLCJhbGciOiJIUzI1NiJ9.eyJ1aWQiOiIxIiwidGltZVN0YW1wIjoiMjAxOS0wNC0wMyAyMDoxODoxNSJ9.2LeW6HTaUZiM0WkzrYkkDPsZm86dkSjdRwt4UNK3zw0', '2019-04-03 20:18:15', '2019-04-03 20:21:37', '114.143.234.170'),
(282, 'eyJ0eXAiOiJKV1QiLCJhbGciOiJIUzI1NiJ9.eyJ1aWQiOiI0NyIsInRpbWVTdGFtcCI6IjIwMTktMDQtMDMgMjA6MjE6NTQifQ.Fbp44ekxbv41xMzB3xgXCJCPebglFPN7f4GmWSD_qC0', '2019-04-03 20:21:54', '2019-04-03 20:21:55', '114.143.234.170'),
(283, 'eyJ0eXAiOiJKV1QiLCJhbGciOiJIUzI1NiJ9.eyJ1aWQiOiIxIiwidGltZVN0YW1wIjoiMjAxOS0wNC0wMyAyMDoyMjowOCJ9.oK2Gqp1aD67FdVp_BdS6DAJfBiIBInuQLiQe1Ar6694', '2019-04-03 20:22:08', '2019-04-03 20:23:17', '114.143.234.170'),
(284, 'eyJ0eXAiOiJKV1QiLCJhbGciOiJIUzI1NiJ9.eyJ1aWQiOiI0NyIsInRpbWVTdGFtcCI6IjIwMTktMDQtMDMgMjA6MjM6NDcifQ.oY46rnZGI8sZCaUbdhE-jwJ9XJECRXpUT6ru3Q6dV1U', '2019-04-03 20:23:47', '2019-04-03 20:27:35', '114.143.234.170'),
(285, 'eyJ0eXAiOiJKV1QiLCJhbGciOiJIUzI1NiJ9.eyJ1aWQiOiIxIiwidGltZVN0YW1wIjoiMjAxOS0wNC0wMyAyMDoyNzo0NyJ9.wkqQyTitQ6uazouDnFjvAL_LdWpoOKdSpWWQ4fFdo-o', '2019-04-03 20:27:47', '2019-04-03 20:33:14', '114.143.234.170'),
(286, 'eyJ0eXAiOiJKV1QiLCJhbGciOiJIUzI1NiJ9.eyJ1aWQiOiI0NyIsInRpbWVTdGFtcCI6IjIwMTktMDQtMDMgMjE6MTE6MzAifQ.uUsi7ZIAwlPQ1SE27CLpQN4GrmAIulhXGJVkwEClRIU', '2019-04-03 21:11:30', '2019-04-03 21:11:30', '114.143.234.170'),
(287, 'eyJ0eXAiOiJKV1QiLCJhbGciOiJIUzI1NiJ9.eyJ1aWQiOiI0NyIsInRpbWVTdGFtcCI6IjIwMTktMDQtMDMgMjE6MTI6MDMifQ.WXDbvNkx3CFHxsaTcYxDi3h_0oXNPiRxbXhLXS8yC5I', '2019-04-03 21:12:03', '2019-04-03 21:12:04', '114.143.234.170'),
(288, 'eyJ0eXAiOiJKV1QiLCJhbGciOiJIUzI1NiJ9.eyJ1aWQiOiIzOCIsInRpbWVTdGFtcCI6IjIwMTktMDQtMDMgMjE6Mjg6NDgifQ.BKVX9L4gT9aZufThWL3Jp_ybnpHHgcvHDny8xSohh_o', '2019-04-03 21:28:48', '2019-04-03 21:28:51', '114.143.234.170'),
(289, 'eyJ0eXAiOiJKV1QiLCJhbGciOiJIUzI1NiJ9.eyJ1aWQiOiIxIiwidGltZVN0YW1wIjoiMjAxOS0wNC0wMyAyMTo0NjoxNyJ9.OUTs-o2ty-LOo0kWG-mAl7eQP53irTihfZ0IKQhuueo', '2019-04-03 21:46:17', '2019-04-03 21:46:26', '114.143.234.170'),
(290, 'eyJ0eXAiOiJKV1QiLCJhbGciOiJIUzI1NiJ9.eyJ1aWQiOiIxIiwidGltZVN0YW1wIjoiMjAxOS0wNC0wMyAyMTo0Njo1NCJ9.KcuwCCYuWvkHbJ5Vo9ONfom2BrS-t1qkJaOh1kCakPw', '2019-04-03 21:46:54', '2019-04-03 21:46:54', '114.143.234.170'),
(291, 'eyJ0eXAiOiJKV1QiLCJhbGciOiJIUzI1NiJ9.eyJ1aWQiOiIxIiwidGltZVN0YW1wIjoiMjAxOS0wNC0wMyAyMTo0Nzo0MiJ9.gv9hkcrWvCSe0s46psAzPD-NhZjIZRX6vjyX8XhHOdU', '2019-04-03 21:47:42', '2019-04-03 21:47:47', '114.143.234.170'),
(292, 'eyJ0eXAiOiJKV1QiLCJhbGciOiJIUzI1NiJ9.eyJ1aWQiOiIxIiwidGltZVN0YW1wIjoiMjAxOS0wNC0wMyAyMTo0Nzo0MyJ9.vU2x2wkT7i5Wmm7P3f4sq1NIh7993iztAg0ld3FAKNA', '2019-04-03 21:47:43', '2019-04-03 21:57:00', '114.143.234.170'),
(293, 'eyJ0eXAiOiJKV1QiLCJhbGciOiJIUzI1NiJ9.eyJ1aWQiOiI0NyIsInRpbWVTdGFtcCI6IjIwMTktMDQtMDMgMjI6MDQ6MTEifQ.zn-zSj1CRxwK9gIQcH7xCCKuMyicDW6NeILAYSpljOM', '2019-04-03 22:04:11', '2019-04-03 22:04:11', '114.143.234.170'),
(294, 'eyJ0eXAiOiJKV1QiLCJhbGciOiJIUzI1NiJ9.eyJ1aWQiOiI0NyIsInRpbWVTdGFtcCI6IjIwMTktMDQtMDMgMjI6MDU6MDIifQ.cdji4dg3igQdJS4QkKj6NIvqyKVfV1_Po5nwRTJgvP8', '2019-04-03 22:05:02', '2019-04-03 22:05:20', '114.143.234.170'),
(295, 'eyJ0eXAiOiJKV1QiLCJhbGciOiJIUzI1NiJ9.eyJ1aWQiOiIxIiwidGltZVN0YW1wIjoiMjAxOS0wNC0wNCAxNjoxNDo1MiJ9.x3FxhzlR3rxrwCrpoBu9XmX5sRNKlBqjlUBBovISJos', '2019-04-04 16:14:52', '2019-04-04 16:14:53', '114.143.234.170'),
(296, 'eyJ0eXAiOiJKV1QiLCJhbGciOiJIUzI1NiJ9.eyJ1aWQiOiIxIiwidGltZVN0YW1wIjoiMjAxOS0wNC0wNCAxOToxMToxMiJ9.E8g5AU1GFuwzV4ZxYpCHfjSv4S6KAnnEL0Dl4rf4Pds', '2019-04-04 19:11:12', '2019-04-04 19:11:12', '114.143.234.170'),
(297, 'eyJ0eXAiOiJKV1QiLCJhbGciOiJIUzI1NiJ9.eyJ1aWQiOiI0NyIsInRpbWVTdGFtcCI6IjIwMTktMDQtMTAgMTk6MDk6NDUifQ._bsUWoS2Nu5PzifNf5DdfTsm5hRwpAOpIIOA14DOJMM', '2019-04-10 19:09:45', '2019-04-10 19:10:02', '114.143.234.170'),
(298, 'eyJ0eXAiOiJKV1QiLCJhbGciOiJIUzI1NiJ9.eyJ1aWQiOiIxIiwidGltZVN0YW1wIjoiMjAxOS0wNC0xMCAxOToxMDoxNyJ9.ZYxWWCj4Gr1d-SJ1qDZrqLoOVeuN3kPx4sGuJ45dJgM', '2019-04-10 19:10:17', '2019-04-10 19:14:34', '114.143.234.170'),
(299, 'eyJ0eXAiOiJKV1QiLCJhbGciOiJIUzI1NiJ9.eyJ1aWQiOiI0NyIsInRpbWVTdGFtcCI6IjIwMTktMDQtMTAgMTk6MTQ6NDYifQ.KrIwKq9vcdKERQzClzzcEnuaCiFAg3Pt_wNS_9QMBw0', '2019-04-10 19:14:46', '2019-04-10 19:18:56', '114.143.234.170'),
(300, 'eyJ0eXAiOiJKV1QiLCJhbGciOiJIUzI1NiJ9.eyJ1aWQiOiIxIiwidGltZVN0YW1wIjoiMjAxOS0wNC0xMCAxOToxODoyMyJ9.3fZ4iR3vCZTXa5EHKogK5RsPAAn_PkMdORNy5al3z40', '2019-04-10 19:18:23', '2019-04-10 19:32:38', '114.143.234.170'),
(301, 'eyJ0eXAiOiJKV1QiLCJhbGciOiJIUzI1NiJ9.eyJ1aWQiOiIxIiwidGltZVN0YW1wIjoiMjAxOS0wNC0xMCAxOTozMjowNCJ9.JWKOLjjguQfYUbhpzwqtRfYnwH5CuXk6kS2ndaSmtuQ', '2019-04-10 19:32:04', '2019-04-10 19:32:31', '114.143.234.170');

-- --------------------------------------------------------

--
-- Table structure for table `user_role_cat`
--

DROP TABLE IF EXISTS `user_role_cat`;
CREATE TABLE IF NOT EXISTS `user_role_cat` (
  `id` int(11) NOT NULL AUTO_INCREMENT,
  `role` varchar(100) NOT NULL,
  `created_by` int(11) NOT NULL,
  `entry_time` datetime DEFAULT NULL,
  `update_time` datetime DEFAULT NULL,
  `ip_address` varchar(20) DEFAULT NULL,
  PRIMARY KEY (`id`)
) ENGINE=InnoDB AUTO_INCREMENT=4 DEFAULT CHARSET=latin1;

--
-- Dumping data for table `user_role_cat`
--

INSERT INTO `user_role_cat` (`id`, `role`, `created_by`, `entry_time`, `update_time`, `ip_address`) VALUES
(1, 'Admin', 1, '2019-01-30 00:00:00', NULL, NULL),
(2, 'User', 1, '2019-01-30 00:00:00', NULL, NULL),
(3, 'Client', 1, '2019-02-26 00:00:00', NULL, NULL);

--
-- Constraints for dumped tables
--

--
-- Constraints for table `ticket`
--
ALTER TABLE `ticket`
  ADD CONSTRAINT `ticket_ibfk_1` FOREIGN KEY (`column_id`) REFERENCES `ticket_column` (`id`) ON DELETE NO ACTION ON UPDATE NO ACTION,
  ADD CONSTRAINT `ticket_ibfk_2` FOREIGN KEY (`proj_id`) REFERENCES `project` (`proj_id`) ON DELETE CASCADE ON UPDATE CASCADE,
  ADD CONSTRAINT `ticket_ibfk_3` FOREIGN KEY (`created_by`) REFERENCES `user` (`uid`) ON DELETE NO ACTION ON UPDATE NO ACTION;

--
-- Constraints for table `user`
--
ALTER TABLE `user`
  ADD CONSTRAINT `user_ibfk_1` FOREIGN KEY (`designation`) REFERENCES `user_designation_cat` (`id`) ON DELETE SET NULL ON UPDATE SET NULL,
  ADD CONSTRAINT `user_ibfk_2` FOREIGN KEY (`role`) REFERENCES `user_role_cat` (`id`) ON DELETE SET NULL ON UPDATE SET NULL;
COMMIT;

/*!40101 SET CHARACTER_SET_CLIENT=@OLD_CHARACTER_SET_CLIENT */;
/*!40101 SET CHARACTER_SET_RESULTS=@OLD_CHARACTER_SET_RESULTS */;
/*!40101 SET COLLATION_CONNECTION=@OLD_COLLATION_CONNECTION */;
